Price,USD/KRW,USD/JPY,USD/CNY,USD/IDR,VIX,OIL_WTI,GOLD
Ticker,KRW=X,JPY=X,CNY=X,IDR=X,^VIX,CL=F,GC=F
Date,,,,,,,
2015-01-02,1093.5999755859375,119.87000274658203,6.196100234985352,12390.0,17.790000915527344,52.689998626708984,1186.0
2015-01-05,1111.0,120.43399810791016,6.196100234985352,12480.0,19.920000076293945,50.040000915527344,1203.9000244140625
2015-01-06,1108.5,119.42500305175781,6.208399772644043,12625.0,21.1200008392334,47.93000030517578,1219.300048828125
2015-01-07,1097.300048828125,118.6729965209961,6.202000141143799,12635.0,19.309999465942383,48.650001525878906,1210.5999755859375
2015-01-08,1097.800048828125,119.28900146484375,6.203999996185303,12720.0,17.010000228881836,48.790000915527344,1208.4000244140625
2015-01-09,1094.300048828125,119.79199981689453,6.203499794006348,12610.0,17.549999237060547,48.36000061035156,1216.0
2015-01-12,1081.800048828125,118.21199798583984,6.200300216674805,12565.0,19.600000381469727,46.06999969482422,1232.699951171875
2015-01-13,1081.4000244140625,118.3280029296875,6.193399906158447,12558.0,20.559999465942383,45.88999938964844,1234.300048828125
2015-01-14,1077.0999755859375,117.79499816894531,6.187600135803223,12587.0,21.479999542236328,48.47999954223633,1234.4000244140625
2015-01-15,1082.0,117.38999938964844,6.184000015258789,12555.0,22.389999389648438,46.25,1264.699951171875
2015-01-16,1075.5,116.12999725341797,6.177499771118164,12469.0,20.950000762939453,48.689998626708984,1276.9000244140625
2015-01-19,1078.0,117.55999755859375,6.197000026702881,12580.0,20.950000762939453,48.689998626708984,1276.9000244140625
2015-01-20,1079.0999755859375,117.71199798583984,6.208000183105469,12630.0,19.889999389648438,46.38999938964844,1294.199951171875
2015-01-21,1086.699951171875,118.64900207519531,6.204899787902832,12562.0,18.850000381469727,47.779998779296875,1293.699951171875
2015-01-22,1081.9000244140625,117.86000061035156,6.201700210571289,12465.0,16.399999618530273,46.310001373291016,1300.699951171875
2015-01-23,1084.699951171875,118.7509994506836,6.198999881744385,12405.0,16.65999984741211,45.59000015258789,1292.5999755859375
2015-01-26,1084.5,117.36100006103516,6.217899799346924,12423.0,15.520000457763672,45.150001525878906,1279.4000244140625
2015-01-27,1079.300048828125,118.5199966430664,6.245800018310547,12487.0,17.219999313354492,46.22999954223633,1291.699951171875
2015-01-28,1076.699951171875,117.7750015258789,6.235099792480469,12450.0,20.440000534057617,44.45000076293945,1285.9000244140625
2015-01-29,1084.4000244140625,117.59200286865234,6.236499786376953,12455.0,18.760000228881836,44.529998779296875,1254.5999755859375
2015-01-30,1098.800048828125,118.24800109863281,6.236599922180176,12570.0,20.969999313354492,48.2400016784668,1278.5
2015-02-02,1099.0,117.18399810791016,6.241000175476074,12730.0,19.43000030517578,49.56999969482422,1276.199951171875
2015-02-03,1098.0999755859375,117.57499694824219,6.249499797821045,12645.0,17.329999923706055,53.04999923706055,1259.699951171875
2015-02-04,1091.300048828125,117.64600372314453,6.245699882507324,12575.0,18.329999923706055,48.45000076293945,1263.800048828125
2015-02-05,1087.5999755859375,117.28800201416016,6.23769998550415,12625.0,16.850000381469727,50.47999954223633,1262.0
2015-02-06,1084.800048828125,117.53500366210938,6.242099761962891,12587.0,17.290000915527344,51.689998626708984,1233.9000244140625
2015-02-09,1096.699951171875,118.97000122070312,6.233399868011475,12633.0,18.549999237060547,52.86000061035156,1240.800048828125
2015-02-10,1094.0999755859375,118.56300354003906,6.238800048828125,12665.0,17.229999542236328,50.02000045776367,1231.5999755859375
2015-02-11,1097.5999755859375,119.35800170898438,6.231800079345703,12727.0,16.959999084472656,48.84000015258789,1219.0
2015-02-12,1105.699951171875,120.16999816894531,6.2322998046875,12805.0,15.34000015258789,51.209999084472656,1220.0999755859375
2015-02-13,1101.199951171875,118.91600036621094,6.234499931335449,12770.0,14.6899995803833,52.779998779296875,1226.5
2015-02-16,1095.4000244140625,118.56999969482422,6.230299949645996,12677.0,14.6899995803833,52.779998779296875,1226.5
2015-02-17,1100.199951171875,118.49199676513672,6.23859977722168,12615.0,15.800000190734863,53.529998779296875,1208.0999755859375
2015-02-18,1107.300048828125,119.20800018310547,6.244100093841553,12772.0,15.449999809265137,52.13999938964844,1199.699951171875
2015-02-19,1107.5999755859375,118.68900299072266,6.244100093841553,12810.0,15.289999961853027,51.15999984741211,1207.0999755859375
2015-02-20,1110.5999755859375,118.98799896240234,6.244100093841553,12885.0,14.300000190734863,50.34000015258789,1204.4000244140625
2015-02-23,1109.0999755859375,119.07599639892578,6.244100093841553,12813.0,14.5600004196167,49.45000076293945,1200.300048828125
2015-02-24,1107.699951171875,118.90299987792969,6.245100021362305,12860.0,13.6899995803833,49.279998779296875,1196.9000244140625
2015-02-25,1111.300048828125,118.89199829101562,6.245100021362305,12797.0,13.84000015258789,50.9900016784668,1201.0
2015-02-26,1098.6800537109375,118.8219985961914,6.249499797821045,12855.0,13.90999984741211,48.16999816894531,1209.5999755859375
2015-02-27,1100.6700439453125,119.37699890136719,6.249499797821045,12857.0,13.34000015258789,49.7599983215332,1212.5999755859375
2015-03-02,1099.010009765625,119.82599639892578,6.258600234985352,12978.0,13.039999961853027,49.59000015258789,1207.699951171875
2015-03-03,1100.5899658203125,120.2040023803711,6.263700008392334,12995.0,13.859999656677246,50.52000045776367,1204.0
2015-03-04,1094.9599609375,119.63700103759766,6.263700008392334,12970.0,14.229999542236328,51.529998779296875,1200.5999755859375
2015-03-05,1099.25,119.6510009765625,6.2606000900268555,13015.0,14.039999961853027,50.7599983215332,1195.9000244140625
2015-03-06,1099.8900146484375,120.04499816894531,6.257400035858154,12900.0,15.199999809265137,49.61000061035156,1164.0999755859375
2015-03-09,1108.81005859375,120.73899841308594,6.253799915313721,13030.0,15.0600004196167,50.0,1166.4000244140625
2015-03-10,1113.5,121.40799713134766,6.255000114440918,13073.0,16.690000534057617,48.290000915527344,1160.0999755859375
2015-03-11,1124.8599853515625,121.03800201416016,6.251999855041504,13070.0,16.8700008392334,48.16999816894531,1150.699951171875
2015-03-12,1128.97998046875,121.41100311279297,6.251999855041504,13175.0,15.420000076293945,47.04999923706055,1152.0999755859375
2015-03-13,1123.02001953125,121.31800079345703,6.251999855041504,13170.0,16.0,44.84000015258789,1152.5999755859375
2015-03-16,1136.219970703125,121.34300231933594,6.248700141906738,13185.0,15.609999656677246,43.880001068115234,1153.300048828125
2015-03-17,1129.0,121.36699676513672,6.251800060272217,13195.0,15.65999984741211,43.459999084472656,1148.300048828125
2015-03-18,1127.1600341796875,121.27999877929688,6.239500045776367,13120.0,13.970000267028809,44.65999984741211,1151.4000244140625
2015-03-19,1109.8900146484375,120.06400299072266,6.218699932098389,12880.0,14.069999694824219,43.959999084472656,1169.0999755859375
2015-03-20,1119.300048828125,120.76200103759766,6.185999870300293,13058.0,13.020000457763672,45.720001220703125,1184.800048828125
2015-03-23,1111.780029296875,120.0270004272461,6.196000099182129,13025.0,13.40999984741211,47.45000076293945,1188.0
2015-03-24,1103.4300537109375,119.75,6.204999923706055,12943.0,13.619999885559082,47.5099983215332,1191.699951171875
2015-03-25,1101.6700439453125,119.79100036621094,6.195300102233887,12905.0,15.4399995803833,49.209999084472656,1197.300048828125
2015-03-26,1098.97998046875,119.51799774169922,6.201000213623047,12930.0,15.800000190734863,51.43000030517578,1205.0999755859375
2015-03-27,1102.949951171875,119.18299865722656,6.201399803161621,13010.0,15.069999694824219,48.869998931884766,1199.800048828125
2015-03-30,1101.72998046875,119.25,6.2052001953125,13035.0,14.510000228881836,48.68000030517578,1184.800048828125
2015-03-31,1105.5,120.01300048828125,6.196499824523926,13087.0,15.289999961853027,47.599998474121094,1183.0999755859375
2015-04-01,1107.0999755859375,120.02200317382812,6.1875,13060.0,15.109999656677246,50.09000015258789,1208.0999755859375
2015-04-02,1097.8699951171875,119.5739974975586,6.187099933624268,12958.0,14.670000076293945,49.13999938964844,1200.9000244140625
2015-04-03,1089.1199951171875,119.6969985961914,6.186999797821045,12985.0,14.670000076293945,49.13999938964844,1200.9000244140625
2015-04-06,1089.1199951171875,118.822998046875,6.186999797821045,12965.0,14.739999771118164,52.13999938964844,1218.5999755859375
2015-04-07,1089.1199951171875,119.47699737548828,6.186999797821045,12945.0,14.779999732971191,53.97999954223633,1210.5999755859375
2015-04-08,1092.3199462890625,120.29000091552734,6.188199996948242,12995.0,13.979999542236328,50.41999816894531,1203.0999755859375
2015-04-09,1090.1500244140625,120.09400177001953,6.191400051116943,12925.0,13.09000015258789,50.790000915527344,1193.5999755859375
2015-04-10,1093.7900390625,120.55000305175781,6.194699764251709,12935.0,12.579999923706055,51.63999938964844,1204.5999755859375
2015-04-13,1091.93994140625,120.20899963378906,6.199100017547607,12890.0,13.9399995803833,51.90999984741211,1199.300048828125
2015-04-14,1099.8900146484375,120.05899810791016,6.204699993133545,13045.0,13.670000076293945,53.290000915527344,1192.800048828125
2015-04-15,1090.300048828125,119.45700073242188,6.202099800109863,12975.0,12.84000015258789,56.38999938964844,1201.5
2015-04-16,1093.6199951171875,119.14299774169922,6.193699836730957,12897.0,12.600000381469727,56.709999084472656,1198.0
2015-04-17,1082.5899658203125,119.04399871826172,6.1869001388549805,12820.0,13.890000343322754,55.7400016784668,1202.9000244140625
2015-04-20,1081.8900146484375,118.81800079345703,6.186600208282471,12800.0,13.300000190734863,56.380001068115234,1193.5
2015-04-21,1081.1800537109375,119.19499969482422,6.19189977645874,12970.0,13.25,55.2599983215332,1202.9000244140625
2015-04-22,1081.3199462890625,119.63300323486328,6.19189977645874,12925.0,12.710000038146973,56.15999984741211,1186.9000244140625
2015-04-23,1083.0,119.94999694824219,6.185699939727783,12900.0,12.479999542236328,57.7400016784668,1194.4000244140625
2015-04-24,1080.02001953125,119.57099914550781,6.188700199127197,12930.0,12.289999961853027,57.150001525878906,1175.199951171875
2015-04-27,1074.3800048828125,118.927001953125,6.184800148010254,12942.0,13.119999885559082,56.9900016784668,1203.300048828125
2015-04-28,1067.81005859375,119.1259994506836,6.209000110626221,12927.0,12.40999984741211,57.060001373291016,1214.0
2015-04-29,1062.8499755859375,118.822998046875,6.196499824523926,12935.0,13.390000343322754,58.58000183105469,1209.800048828125
2015-04-30,1068.969970703125,118.97000122070312,6.190199851989746,12915.0,14.550000190734863,59.630001068115234,1182.4000244140625
2015-05-01,1075.06005859375,119.4520034790039,6.190999984741211,12957.0,12.699999809265137,59.150001525878906,1174.5
2015-05-04,1075.06005859375,120.13600158691406,6.190999984741211,12975.0,12.850000381469727,58.93000030517578,1186.800048828125
2015-05-05,1078.75,120.0999984741211,6.198400020599365,12860.0,14.3100004196167,60.400001525878906,1193.199951171875
2015-05-06,1079.5799560546875,119.9219970703125,6.195199966430664,13005.0,15.149999618530273,60.93000030517578,1190.300048828125
2015-05-07,1078.6700439453125,119.39700317382812,6.189000129699707,13004.0,15.130000114440918,58.939998626708984,1182.4000244140625
2015-05-08,1091.8900146484375,119.70899963378906,6.197999954223633,13095.0,12.859999656677246,59.38999938964844,1189.0999755859375
2015-05-11,1085.800048828125,119.77999877929688,6.197999954223633,13047.0,13.850000381469727,59.25,1183.199951171875
2015-05-12,1095.949951171875,120.13099670410156,6.19920015335083,13170.0,13.859999656677246,60.75,1192.5999755859375
2015-05-13,1092.3800048828125,119.83499908447266,6.19890022277832,13145.0,13.760000228881836,60.5,1218.4000244140625
2015-05-14,1091.4000244140625,119.16000366210938,6.1946001052856445,13102.0,12.739999771118164,59.880001068115234,1225.4000244140625
2015-05-15,1088.239990234375,119.19100189208984,6.1915998458862305,13013.0,12.380000114440918,59.689998626708984,1225.5
2015-05-18,1081.8399658203125,119.33000183105469,6.196100234985352,13047.0,12.729999542236328,59.43000030517578,1227.800048828125
2015-05-19,1088.239990234375,119.9000015258789,6.194300174713135,13162.0,12.850000381469727,57.2599983215332,1206.9000244140625
2015-05-20,1093.5,120.6520004272461,6.196700096130371,13168.0,12.880000114440918,58.97999954223633,1208.9000244140625
2015-05-21,1095.4100341796875,121.21199798583984,6.193699836730957,13015.0,12.109999656677246,60.720001220703125,1204.4000244140625
2015-05-22,1091.47998046875,121.03900146484375,6.186800003051758,13108.0,12.130000114440918,59.720001220703125,1204.300048828125
2015-05-25,1094.75,121.57099914550781,6.187399864196777,13140.0,12.130000114440918,59.720001220703125,1204.300048828125
2015-05-26,1095.75,121.5999984741211,6.191999912261963,13173.0,14.0600004196167,58.029998779296875,1187.199951171875
2015-05-27,1105.8699951171875,122.98600006103516,6.193900108337402,13217.0,13.270000457763672,57.5099983215332,1185.9000244140625
2015-05-28,1107.4200439453125,123.73999786376953,6.191299915313721,13170.0,13.3100004196167,57.68000030517578,1188.0999755859375
2015-05-29,1107.0,123.81999969482422,6.191199779510498,13165.0,13.84000015258789,60.29999923706055,1189.4000244140625
2015-06-01,1111.4200439453125,124.19300079345703,6.188300132751465,13200.0,13.970000267028809,60.20000076293945,1188.300048828125
2015-06-02,1113.800048828125,124.84700012207031,6.189499855041504,13188.0,14.239999771118164,61.2599983215332,1194.0999755859375
2015-06-03,1106.530029296875,124.03600311279297,6.188199996948242,13150.0,13.65999984741211,59.63999938964844,1184.699951171875
2015-06-04,1105.68994140625,124.30400085449219,6.18779993057251,13230.0,14.710000038146973,58.0,1174.9000244140625
2015-06-05,1111.699951171875,124.37999725341797,6.191100120544434,13275.0,14.210000038146973,59.130001068115234,1167.800048828125
2015-06-08,1122.300048828125,125.62899780273438,6.193399906158447,13388.0,15.289999961853027,58.13999938964844,1173.199951171875
2015-06-09,1117.1099853515625,124.56300354003906,6.1956000328063965,13310.0,14.470000267028809,60.13999938964844,1177.300048828125
2015-06-10,1119.0799560546875,124.33899688720703,6.195700168609619,13345.0,13.220000267028809,61.43000030517578,1186.0999755859375
2015-06-11,1108.719970703125,122.86599731445312,6.195799827575684,13205.0,12.850000381469727,60.77000045776367,1179.9000244140625
2015-06-12,1110.4000244140625,123.58100128173828,6.196599960327148,13230.0,13.779999732971191,59.959999084472656,1178.800048828125
2015-06-15,1110.3499755859375,123.29000091552734,6.198299884796143,13315.0,15.390000343322754,59.52000045776367,1185.300048828125
2015-06-16,1114.530029296875,123.41999816894531,6.198999881744385,13320.0,14.8100004196167,59.970001220703125,1180.5
2015-06-17,1116.77001953125,123.43900299072266,6.198599815368652,13340.0,14.5,59.91999816894531,1176.4000244140625
2015-06-18,1111.5899658203125,123.52999877929688,6.1996002197265625,13330.0,13.1899995803833,60.45000076293945,1201.5
2015-06-19,1103.25,123.00199890136719,6.19789981842041,13290.0,13.960000038146973,59.61000061035156,1201.5
2015-06-22,1101.219970703125,122.7509994506836,6.19950008392334,13310.0,12.739999771118164,59.68000030517578,1183.699951171875
2015-06-23,1098.780029296875,123.37899780273438,6.19950008392334,13302.0,12.109999656677246,61.0099983215332,1176.199951171875
2015-06-24,1103.969970703125,123.86000061035156,6.196800231933594,13250.0,13.260000228881836,60.27000045776367,1172.5999755859375
2015-06-25,1107.9200439453125,123.85099792480469,6.1971001625061035,13290.0,14.010000228881836,59.70000076293945,1171.5
2015-06-26,1109.93994140625,123.5979995727539,6.199399948120117,13303.0,14.020000457763672,59.630001068115234,1172.9000244140625
2015-06-29,1120.9000244140625,122.61199951171875,6.198999881744385,13322.0,18.850000381469727,58.33000183105469,1178.5
2015-06-30,1118.219970703125,122.66999816894531,6.198800086975098,13322.0,18.229999542236328,59.470001220703125,1171.5
2015-07-01,1117.56005859375,122.38600158691406,6.190999984741211,13342.0,16.09000015258789,56.959999084472656,1169.0
2015-07-02,1122.9300537109375,123.31999969482422,6.191500186920166,13318.0,16.790000915527344,56.93000030517578,1163.0
2015-07-03,1120.949951171875,123.05899810791016,6.194699764251709,13260.0,16.790000915527344,56.93000030517578,1163.0
2015-07-06,1120.949951171875,122.40699768066406,6.195700168609619,13340.0,17.010000228881836,52.529998779296875,1172.9000244140625
2015-07-07,1124.22998046875,122.61100006103516,6.19920015335083,13340.0,16.09000015258789,52.33000183105469,1152.4000244140625
2015-07-08,1132.9300537109375,122.48999786376953,6.199999809265137,13325.0,19.65999984741211,51.650001525878906,1163.300048828125
2015-07-09,1134.43994140625,120.86199951171875,6.198999881744385,13335.0,19.969999313354492,52.779998779296875,1159.0
2015-07-10,1131.030029296875,121.69999694824219,6.198800086975098,13303.0,16.829999923706055,52.7400016784668,1157.699951171875
2015-07-13,1129.0400390625,122.49600219726562,6.1992998123168945,13278.0,13.899999618530273,52.20000076293945,1155.199951171875
2015-07-14,1134.8199462890625,123.56999969482422,6.198400020599365,13280.0,13.369999885559082,53.040000915527344,1153.300048828125
2015-07-15,1141.3699951171875,123.31999969482422,6.19890022277832,13305.0,13.229999542236328,51.40999984741211,1147.199951171875
2015-07-16,1144.9200439453125,123.87000274658203,6.19920015335083,13338.0,12.109999656677246,50.90999984741211,1143.800048828125
2015-07-17,1145.1500244140625,124.14900207519531,6.19950008392334,13331.0,11.949999809265137,50.88999938964844,1131.800048828125
2015-07-20,1148.1099853515625,124.14199829101562,6.19950008392334,13350.0,12.25,50.150001525878906,1106.699951171875
2015-07-21,1154.550048828125,124.29399871826172,6.19980001449585,13340.0,12.220000267028809,50.36000061035156,1103.4000244140625
2015-07-22,1146.8599853515625,123.86000061035156,6.1996002197265625,13335.0,12.119999885559082,49.189998626708984,1091.4000244140625
2015-07-23,1155.530029296875,124.06800079345703,6.199399948120117,13400.0,12.640000343322754,48.45000076293945,1094.0
2015-07-24,1160.260009765625,123.8759994506836,6.19950008392334,13430.0,13.739999771118164,48.13999938964844,1085.5999755859375
2015-07-27,1168.199951171875,123.76300048828125,6.1996002197265625,13430.0,15.600000381469727,47.38999938964844,1096.5
2015-07-28,1165.030029296875,123.23999786376953,6.19950008392334,13465.0,13.4399995803833,47.97999954223633,1096.300048828125
2015-07-29,1159.52001953125,123.57599639892578,6.199399948120117,13290.0,12.5,48.790000915527344,1092.699951171875
2015-07-30,1160.0699462890625,123.94000244140625,6.198999881744385,13460.0,12.130000114440918,48.52000045776367,1088.4000244140625
2015-07-31,1170.77001953125,124.07099914550781,6.199699878692627,13492.0,12.119999885559082,47.119998931884766,1094.9000244140625
2015-08-03,1164.6400146484375,124.04000091552734,6.19980001449585,13425.0,12.5600004196167,45.16999816894531,1089.4000244140625
2015-08-04,1168.699951171875,123.94499969482422,6.199699878692627,13440.0,13.0,45.7400016784668,1090.699951171875
2015-08-05,1167.1300048828125,124.27400207519531,6.1996002197265625,13485.0,12.510000228881836,45.150001525878906,1085.699951171875
2015-08-06,1171.93994140625,124.7300033569336,6.199699878692627,13517.0,13.770000457763672,44.65999984741211,1090.199951171875
2015-08-07,1161.530029296875,124.73400115966797,6.199699878692627,13465.0,13.390000343322754,43.869998931884766,1094.0999755859375
2015-08-10,1161.530029296875,124.30000305175781,6.199699878692627,13465.0,12.229999542236328,44.959999084472656,1104.199951171875
2015-08-11,1157.050048828125,124.61299896240234,6.199699878692627,13467.0,13.710000038146973,43.08000183105469,1107.5999755859375
2015-08-12,1177.280029296875,125.06999969482422,6.314899921417236,13605.0,13.609999656677246,43.29999923706055,1123.199951171875
2015-08-13,1173.0,124.25499725341797,6.376999855041504,13745.0,13.489999771118164,42.22999954223633,1115.699951171875
2015-08-14,1176.449951171875,124.36299896240234,6.388899803161621,13675.0,12.829999923706055,42.5,1112.9000244140625
2015-08-17,1177.199951171875,124.3499984741211,6.381800174713135,13715.0,13.020000457763672,41.869998931884766,1118.5999755859375
2015-08-18,1181.5799560546875,124.43800354003906,6.384699821472168,13830.0,13.789999961853027,42.619998931884766,1117.0999755859375
2015-08-19,1184.449951171875,124.37100219726562,6.383800029754639,13828.0,15.25,40.79999923706055,1128.0999755859375
2015-08-20,1181.2099609375,123.89700317382812,6.385799884796143,13748.0,19.139999389648438,41.13999938964844,1153.0
2015-08-21,1182.530029296875,123.41999816894531,6.379000186920166,13885.0,28.030000686645508,40.45000076293945,1159.5999755859375
2015-08-24,1193.5699462890625,121.73200225830078,6.378900051116943,13815.0,40.7400016784668,38.2400016784668,1153.4000244140625
2015-08-25,1189.5799560546875,118.88400268554688,6.394400119781494,13915.0,36.02000045776367,39.310001373291016,1138.199951171875
2015-08-26,1189.1600341796875,118.54000091552734,6.402900218963623,13800.0,30.31999969482422,38.599998474121094,1124.5999755859375
2015-08-27,1181.1600341796875,120.05799865722656,6.401000022888184,13960.0,26.100000381469727,42.560001373291016,1122.4000244140625
2015-08-28,1171.989990234375,121.00299835205078,6.395299911499023,13795.0,26.049999237060547,45.220001220703125,1133.0999755859375
2015-08-31,1177.5999755859375,121.28900146484375,6.378499984741211,13910.0,28.43000030517578,49.20000076293945,1131.5999755859375
2015-09-01,1180.949951171875,121.08899688720703,6.366399765014648,14000.0,31.399999618530273,45.40999984741211,1138.699951171875
2015-09-02,1177.280029296875,119.71499633789062,6.354499816894531,13988.0,26.09000015258789,46.25,1132.5
2015-09-03,1182.1600341796875,120.58000183105469,6.345900058746338,14050.0,25.610000610351562,46.75,1123.699951171875
2015-09-04,1189.1199951171875,120.05599975585938,6.345900058746338,14065.0,27.799999237060547,46.04999923706055,1120.5999755859375
2015-09-07,1199.510009765625,119.16400146484375,6.345900058746338,14190.0,27.799999237060547,46.04999923706055,1120.5999755859375
2015-09-08,1201.18994140625,119.40299987792969,6.355899810791016,14275.0,24.899999618530273,45.939998626708984,1120.4000244140625
2015-09-09,1193.0,120.08899688720703,6.3572001457214355,14160.0,26.229999542236328,44.150001525878906,1102.199951171875
2015-09-10,1190.3399658203125,120.27799987792969,6.367800235748291,14250.0,24.3700008392334,45.91999816894531,1109.5
2015-09-11,1180.5999755859375,120.61900329589844,6.367199897766113,14235.0,23.200000762939453,44.630001068115234,1103.5
2015-09-14,1180.550048828125,120.7959976196289,6.364999771118164,14270.0,24.25,44.0,1107.699951171875
2015-09-15,1182.0,120.36000061035156,6.357900142669678,14310.0,22.540000915527344,44.59000015258789,1102.800048828125
2015-09-16,1176.81005859375,120.43399810791016,6.360000133514404,14400.0,21.350000381469727,47.150001525878906,1119.199951171875
2015-09-17,1169.199951171875,120.52300262451172,6.360899925231934,14377.0,21.139999389648438,46.900001525878906,1117.300048828125
2015-09-18,1164.8900146484375,120.0459976196289,6.355999946594238,14225.0,22.280000686645508,44.68000030517578,1138.0999755859375
2015-09-21,1171.1099853515625,120.0009994506836,6.354300022125244,14403.0,20.139999389648438,46.68000030517578,1133.0999755859375
2015-09-22,1176.47998046875,120.49800109863281,6.359099864959717,14470.0,22.440000534057617,45.83000183105469,1125.0
2015-09-23,1182.5400390625,120.08000183105469,6.366000175476074,14595.0,22.1299991607666,44.47999954223633,1131.5999755859375
2015-09-24,1192.4100341796875,120.19999694824219,6.373700141906738,14640.0,23.469999313354492,44.90999984741211,1153.800048828125
2015-09-25,1188.93994140625,120.23999786376953,6.373300075531006,14670.0,23.6200008392334,45.70000076293945,1146.0
2015-09-28,1191.3199462890625,120.36799621582031,6.364099979400635,14617.0,27.6299991607666,44.43000030517578,1132.0
2015-09-29,1193.81005859375,119.83999633789062,6.358799934387207,14697.0,26.829999923706055,45.22999954223633,1127.0999755859375
2015-09-30,1194.1600341796875,119.86000061035156,6.353600025177002,14680.0,24.5,45.09000015258789,1115.5
2015-10-01,1183.8399658203125,119.85900115966797,6.347099781036377,14552.0,22.549999237060547,44.7400016784668,1114.199951171875
2015-10-02,1177.0999755859375,119.80999755859375,6.346099853515625,14665.0,20.940000534057617,45.540000915527344,1137.0999755859375
2015-10-05,1171.0899658203125,119.99500274658203,6.346099853515625,14605.0,19.540000915527344,46.2599983215332,1138.0999755859375
2015-10-06,1159.5699462890625,120.46099853515625,6.346099853515625,14433.0,19.399999618530273,48.529998779296875,1146.800048828125
2015-10-07,1159.3199462890625,120.23999786376953,6.346099853515625,14060.0,18.399999618530273,47.810001373291016,1149.0
2015-10-08,1156.75,119.91500091552734,6.346099853515625,13865.0,17.420000076293945,49.43000030517578,1144.699951171875
2015-10-09,1150.9000244140625,119.92900085449219,6.343500137329102,13410.0,17.079999923706055,49.630001068115234,1156.300048828125
2015-10-12,1146.010009765625,120.17900085449219,6.335299968719482,13320.0,16.170000076293945,47.099998474121094,1164.9000244140625
2015-10-13,1142.2099609375,120.01100158691406,6.313000202178955,13502.0,17.670000076293945,46.65999984741211,1165.800048828125
2015-10-14,1148.0699462890625,119.72000122070312,6.332300186157227,13650.0,18.030000686645508,46.63999938964844,1180.0999755859375
2015-10-15,1135.75,118.83000183105469,6.337699890136719,13260.0,16.049999237060547,46.380001068115234,1187.9000244140625
2015-10-16,1121.0400390625,119.05000305175781,6.33620023727417,13400.0,15.050000190734863,47.2599983215332,1183.5999755859375
2015-10-19,1129.719970703125,119.2699966430664,6.342599868774414,13475.0,14.979999542236328,45.88999938964844,1173.300048828125
2015-10-20,1130.3699951171875,119.50299835205078,6.350100040435791,13650.0,15.75,45.54999923706055,1178.0
2015-10-21,1129.469970703125,119.77999877929688,6.338399887084961,13733.0,16.700000762939453,45.20000076293945,1167.5999755859375
2015-10-22,1138.0400390625,119.84200286865234,6.339300155639648,13700.0,14.449999809265137,45.380001068115234,1166.5999755859375
2015-10-23,1128.6700439453125,120.86000061035156,6.3480000495910645,13478.0,14.460000038146973,44.599998474121094,1163.300048828125
2015-10-26,1134.010009765625,121.2959976196289,6.339099884033203,13520.0,15.289999961853027,43.97999954223633,1167.0
2015-10-27,1128.739990234375,120.9489974975586,6.343200206756592,13610.0,15.430000305175781,43.20000076293945,1166.800048828125
2015-10-28,1134.02001953125,120.47699737548828,6.343200206756592,13650.0,14.329999923706055,45.939998626708984,1177.0999755859375
2015-10-29,1143.5999755859375,120.86000061035156,6.349299907684326,13602.0,14.609999656677246,46.060001373291016,1147.199951171875
2015-10-30,1139.8599853515625,121.0,6.346700191497803,13602.0,15.069999694824219,46.59000015258789,1141.5
2015-11-02,1139.1600341796875,120.49500274658203,6.30810022354126,13630.0,14.149999618530273,46.13999938964844,1135.800048828125
2015-11-03,1136.6199951171875,120.78800201416016,6.327400207519531,13580.0,14.539999961853027,47.900001525878906,1114.199951171875
2015-11-04,1127.800048828125,121.09500122070312,6.326099872589111,13395.0,15.510000228881836,46.31999969482422,1106.5
2015-11-05,1133.1600341796875,121.48999786376953,6.325900077819824,13455.0,15.050000190734863,45.20000076293945,1104.4000244140625
2015-11-06,1136.3599853515625,121.66999816894531,6.33620023727417,13525.0,14.329999923706055,44.290000915527344,1087.5999755859375
2015-11-09,1150.780029296875,123.19999694824219,6.343100070953369,13610.0,16.520000457763672,43.869998931884766,1087.9000244140625
2015-11-10,1157.1099853515625,123.0770034790039,6.352200031280518,13645.0,15.289999961853027,44.209999084472656,1088.199951171875
2015-11-11,1157.06005859375,123.08399963378906,6.351799964904785,13560.0,16.059999465942383,42.93000030517578,1084.699951171875
2015-11-12,1153.6600341796875,122.75700378417969,6.357500076293945,13525.0,18.3700008392334,41.75,1080.800048828125
2015-11-13,1157.260009765625,122.55999755859375,6.359300136566162,13610.0,20.079999923706055,40.7400016784668,1080.800048828125
2015-11-16,1168.3399658203125,122.36399841308594,6.363800048828125,13743.0,18.15999984741211,41.7400016784668,1083.699951171875
2015-11-17,1167.0899658203125,123.26599884033203,6.361199855804443,13708.0,18.84000015258789,40.66999816894531,1068.699951171875
2015-11-18,1168.5,123.44499969482422,6.368599891662598,13720.0,16.850000381469727,40.75,1068.800048828125
2015-11-19,1164.4599609375,123.5250015258789,6.374899864196777,13705.0,16.989999771118164,40.540000915527344,1078.0
2015-11-20,1153.68994140625,122.91200256347656,6.373000144958496,13655.0,15.470000267028809,40.38999938964844,1076.4000244140625
2015-11-23,1152.6199951171875,122.9229965209961,6.375,13540.0,15.619999885559082,41.75,1066.800048828125
2015-11-24,1157.0899658203125,122.91500091552734,6.379300117492676,13665.0,15.930000305175781,42.869998931884766,1074.300048828125
2015-11-25,1145.0,122.50499725341797,6.379799842834473,13620.0,15.1899995803833,43.040000915527344,1070.5
2015-11-26,1143.050048828125,122.68000030517578,6.379199981689453,13590.0,15.1899995803833,43.040000915527344,1070.5
2015-11-27,1146.8599853515625,122.63400268554688,6.3796000480651855,13735.0,15.119999885559082,41.709999084472656,1056.199951171875
2015-11-30,1154.8299560546875,122.83000183105469,6.385000228881836,13638.0,16.1299991607666,41.650001525878906,1065.800048828125
2015-12-01,1158.239990234375,123.20999908447266,6.388199806213379,13883.0,14.670000076293945,41.849998474121094,1063.800048828125
2015-12-02,1153.9000244140625,122.91500091552734,6.388800144195557,13820.0,15.90999984741211,39.939998626708984,1054.199951171875
2015-12-03,1160.760009765625,123.22599792480469,6.388800144195557,13807.0,18.110000610351562,41.08000183105469,1061.699951171875
2015-12-04,1152.27001953125,122.65299987792969,6.387499809265137,13695.0,14.8100004196167,39.970001220703125,1084.5
2015-12-07,1161.6400146484375,123.19000244140625,6.39109992980957,13758.0,15.84000015258789,37.650001525878906,1076.4000244140625
2015-12-08,1174.4100341796875,123.27999877929688,6.398200035095215,13870.0,17.600000381469727,37.5099983215332,1076.300048828125
2015-12-09,1178.5899658203125,122.91200256347656,6.407199859619141,13979.0,19.610000610351562,37.15999984741211,1077.5999755859375
2015-12-10,1179.719970703125,121.69999694824219,6.418000221252441,13920.0,19.34000015258789,36.7599983215332,1073.0999755859375
2015-12-11,1177.2900390625,121.70999908447266,6.427800178527832,13925.0,24.389999389648438,35.619998931884766,1076.9000244140625
2015-12-14,1185.5799560546875,120.89299774169922,6.445300102233887,14130.0,22.729999542236328,36.310001373291016,1064.699951171875
2015-12-15,1183.6500244140625,121.08999633789062,6.448999881744385,13997.0,20.950000762939453,37.349998474121094,1062.9000244140625
2015-12-16,1172.739990234375,121.67500305175781,6.451000213623047,13970.0,17.860000610351562,35.52000045776367,1078.0
2015-12-17,1170.050048828125,122.46299743652344,6.4633002281188965,13760.0,18.940000534057617,34.95000076293945,1050.800048828125
2015-12-18,1183.06005859375,122.44999694824219,6.473700046539307,14020.0,20.700000762939453,34.72999954223633,1066.199951171875
2015-12-21,1180.4300537109375,121.30000305175781,6.471499919891357,13865.0,18.700000762939453,34.7400016784668,1081.9000244140625
2015-12-22,1173.6099853515625,121.20600128173828,6.470799922943115,13760.0,16.600000381469727,36.13999938964844,1074.800048828125
2015-12-23,1169.1099853515625,121.02999877929688,6.468800067901611,13645.0,15.569999694824219,37.5,1069.4000244140625
2015-12-24,1172.1600341796875,120.93499755859375,6.467800140380859,13625.0,15.739999771118164,38.099998474121094,1077.199951171875
2015-12-25,1167.8800048828125,120.16999816894531,6.467299938201904,13630.0,15.739999771118164,38.099998474121094,1077.199951171875
2015-12-28,1167.8800048828125,120.23100280761719,6.467299938201904,13630.0,16.90999984741211,36.810001373291016,1070.5
2015-12-29,1165.8499755859375,120.3499984741211,6.478700160980225,13495.0,16.079999923706055,37.869998931884766,1077.5
2015-12-30,1169.449951171875,120.52899932861328,6.474800109863281,13682.0,17.290000915527344,36.599998474121094,1060.0999755859375
2015-12-31,1175.43994140625,120.44999694824219,6.481200218200684,13845.0,18.209999084472656,37.040000915527344,1060.300048828125
2016-01-01,1174.1099853515625,120.28800201416016,6.483699798583984,13775.0,18.209999084472656,37.040000915527344,1060.300048828125
2016-01-04,1174.1099853515625,120.31099700927734,6.483699798583984,13775.0,20.700000762939453,36.7599983215332,1075.0999755859375
2016-01-05,1187.3599853515625,119.46700286865234,6.525400161743164,13957.0,19.34000015258789,35.970001220703125,1078.4000244140625
2016-01-06,1188.719970703125,119.10199737548828,6.512499809265137,13805.0,20.59000015258789,33.970001220703125,1091.9000244140625
2016-01-07,1198.739990234375,118.61000061035156,6.5467000007629395,13905.0,24.989999771118164,33.27000045776367,1107.699951171875
2016-01-08,1195.3900146484375,117.54000091552734,6.582900047302246,13930.0,27.010000228881836,33.15999984741211,1097.800048828125
2016-01-11,1205.93994140625,117.08000183105469,6.58650016784668,13890.0,24.299999237060547,31.40999984741211,1096.5
2016-01-12,1202.719970703125,117.6500015258789,6.559500217437744,13805.0,22.469999313354492,30.440000534057617,1085.5999755859375
2016-01-13,1208.5,117.83000183105469,6.5625,13795.0,25.219999313354492,30.479999542236328,1087.5
2016-01-14,1210.3299560546875,117.42500305175781,6.565400123596191,13847.0,23.950000762939453,31.200000762939453,1073.9000244140625
2016-01-15,1206.43994140625,118.2030029296875,6.5802001953125,13825.0,27.020000457763672,29.420000076293945,1091.5
2016-01-18,1212.81005859375,116.98999786376953,6.574900150299072,13973.0,27.020000457763672,29.420000076293945,1091.5
2016-01-19,1208.8399658203125,117.38400268554688,6.568900108337402,13925.0,26.049999237060547,28.459999084472656,1089.9000244140625
2016-01-20,1205.75,117.56500244140625,6.568600177764893,13830.0,27.59000015258789,26.549999237060547,1107.0999755859375
2016-01-21,1207.25,117.13400268554688,6.568399906158447,13825.0,26.690000534057617,29.530000686645508,1099.0999755859375
2016-01-22,1202.0699462890625,117.92400360107422,6.570000171661377,13769.0,22.34000015258789,32.189998626708984,1097.199951171875
2016-01-25,1195.5699462890625,118.5719985961914,6.5690999031066895,13747.0,24.149999618530273,30.34000015258789,1106.199951171875
2016-01-26,1197.3599853515625,118.22799682617188,6.569399833679199,13830.0,22.5,31.450000762939453,1121.699951171875
2016-01-27,1196.780029296875,118.37999725341797,6.572500228881836,13880.0,23.110000610351562,32.29999923706055,1116.0999755859375
2016-01-28,1206.6800537109375,118.46700286865234,6.567800045013428,13802.0,22.420000076293945,33.220001220703125,1115.5999755859375
2016-01-29,1205.6300048828125,118.93000030517578,6.565199851989746,13765.0,20.200000762939453,33.619998931884766,1116.4000244140625
2016-02-01,1206.1099853515625,121.33999633789062,6.566100120544434,13675.0,19.979999542236328,31.6200008392334,1127.9000244140625
2016-02-02,1200.9599609375,120.83999633789062,6.568399906158447,13630.0,21.979999542236328,29.8799991607666,1127.300048828125
2016-02-03,1211.5,119.85600280761719,6.569799900054932,13730.0,21.649999618530273,32.279998779296875,1141.300048828125
2016-02-04,1199.699951171875,118.12000274658203,6.566999912261963,13582.0,21.84000015258789,31.719999313354492,1157.5999755859375
2016-02-05,1190.8499755859375,116.86599731445312,6.554800033569336,13612.0,23.3799991607666,30.889999389648438,1157.800048828125
2016-02-08,1204.3499755859375,116.94999694824219,6.563899993896484,13585.0,26.0,29.690000534057617,1197.9000244140625
2016-02-09,1202.6700439453125,115.66799926757812,6.563899993896484,13676.0,26.540000915527344,27.940000534057617,1198.699951171875
2016-02-10,1197.1500244140625,115.19100189208984,6.563899993896484,13560.0,26.290000915527344,27.450000762939453,1194.699951171875
2016-02-11,1187.949951171875,113.25199890136719,6.563899993896484,13455.0,28.139999389648438,26.209999084472656,1247.9000244140625
2016-02-12,1197.449951171875,112.49700164794922,6.563899993896484,13480.0,25.399999618530273,29.440000534057617,1239.0999755859375
2016-02-15,1205.0,113.66999816894531,6.563899993896484,13465.0,25.399999618530273,29.440000534057617,1239.0999755859375
2016-02-16,1211.25,114.3219985961914,6.486199855804443,13275.0,24.110000610351562,29.040000915527344,1207.9000244140625
2016-02-17,1215.8499755859375,114.08000183105469,6.506899833679199,13397.0,22.309999465942383,30.65999984741211,1211.0999755859375
2016-02-18,1224.050048828125,114.27999877929688,6.5183000564575195,13500.0,21.639999389648438,30.770000457763672,1226.0999755859375
2016-02-19,1227.4000244140625,113.25,6.508800029754639,13415.0,20.530000686645508,29.639999389648438,1230.4000244140625
2016-02-22,1231.8699951171875,112.48899841308594,6.512400150299072,13427.0,19.3799991607666,31.479999542236328,1209.5
2016-02-23,1220.949951171875,112.97100067138672,6.5117998123168945,13385.0,20.979999542236328,31.8700008392334,1222.300048828125
2016-02-24,1229.949951171875,111.87999725341797,6.517099857330322,13410.0,20.719999313354492,32.150001525878906,1238.699951171875
2016-02-25,1231.4000244140625,112.10099792480469,6.521699905395508,13385.0,19.110000610351562,33.06999969482422,1238.199951171875
2016-02-26,1232.3499755859375,113.11799621582031,6.523499965667725,13430.0,19.809999465942383,32.779998779296875,1219.800048828125
2016-02-29,1241.1300048828125,113.66000366210938,6.530399799346924,13425.0,20.549999237060547,33.75,1233.9000244140625
2016-03-01,1236.199951171875,112.43000030517578,6.544000148773193,13365.0,17.700000762939453,34.400001525878906,1230.300048828125
2016-03-02,1225.1500244140625,113.93000030517578,6.542099952697754,13246.0,17.09000015258789,34.65999984741211,1241.0999755859375
2016-03-03,1224.5,113.46600341796875,6.540999889373779,13249.0,16.700000762939453,34.56999969482422,1257.4000244140625
2016-03-04,1210.030029296875,113.66999816894531,6.521500110626221,13140.0,16.860000610351562,35.91999816894531,1269.9000244140625
2016-03-07,1196.5,113.8030014038086,6.4980998039245605,13028.0,17.350000381469727,37.900001525878906,1263.199951171875
2016-03-08,1198.75,113.4520034790039,6.506800174713135,13000.0,18.670000076293945,36.5,1262.0999755859375
2016-03-09,1208.1800537109375,112.66000366210938,6.494699954986572,13181.0,18.34000015258789,38.290000915527344,1256.5999755859375
2016-03-10,1208.1500244140625,113.25299835205078,6.502999782562256,13100.0,18.049999237060547,37.84000015258789,1272.0
2016-03-11,1203.949951171875,112.86000061035156,6.498600006103516,13130.0,16.5,38.5,1258.699951171875
2016-03-14,1185.9000244140625,113.77799987792969,6.485300064086914,12943.0,16.920000076293945,37.18000030517578,1244.4000244140625
2016-03-15,1185.75,113.83000183105469,6.489999771118164,12980.0,16.84000015258789,36.34000015258789,1230.4000244140625
2016-03-16,1191.969970703125,113.1050033569336,6.504499912261963,13123.0,14.989999771118164,38.459999084472656,1229.300048828125
2016-03-17,1175.8499755859375,112.75199890136719,6.51200008392334,12770.0,14.4399995803833,40.20000076293945,1264.5
2016-03-18,1152.75,111.3499984741211,6.465000152587891,12935.0,14.020000457763672,39.439998626708984,1253.800048828125
2016-03-21,1162.300048828125,111.44499969482422,6.461599826812744,13038.0,13.789999961853027,39.90999984741211,1243.800048828125
2016-03-22,1159.0999755859375,112.13899993896484,6.474599838256836,13183.0,14.170000076293945,41.45000076293945,1248.199951171875
2016-03-23,1154.800048828125,112.25199890136719,6.480100154876709,13101.0,14.9399995803833,39.790000915527344,1223.699951171875
2016-03-24,1166.1500244140625,112.4000015258789,6.496300220489502,13215.0,14.739999771118164,39.459999084472656,1221.4000244140625
2016-03-25,1166.1500244140625,112.83000183105469,6.504700183868408,13233.0,14.739999771118164,39.459999084472656,1221.4000244140625
2016-03-28,1166.1500244140625,113.44999694824219,6.526500225067139,13170.0,15.239999771118164,39.38999938964844,1219.9000244140625
2016-03-29,1166.1500244140625,113.36399841308594,6.500999927520752,13278.0,13.819999694824219,38.279998779296875,1235.5999755859375
2016-03-30,1156.0799560546875,112.68000030517578,6.504899978637695,13180.0,13.5600004196167,38.31999969482422,1226.9000244140625
2016-03-31,1140.22998046875,112.36599731445312,6.455100059509277,13240.0,13.949999809265137,38.34000015258789,1234.199951171875
2016-04-01,1140.800048828125,112.4800033569336,6.439000129699707,13158.0,13.100000381469727,36.790000915527344,1222.199951171875
2016-04-04,1145.8199462890625,111.72200012207031,6.468599796295166,13127.0,14.119999885559082,35.70000076293945,1218.0
2016-04-05,1148.6300048828125,111.25,6.468599796295166,13140.0,15.420000076293945,35.88999938964844,1228.4000244140625
2016-04-06,1158.5,110.37799835205078,6.467299938201904,13210.0,14.09000015258789,37.75,1222.5
2016-04-07,1153.1500244140625,109.6989974975586,6.470900058746338,13172.0,16.15999984741211,37.2599983215332,1236.199951171875
2016-04-08,1156.1500244140625,108.427001953125,6.453000068664551,13172.0,15.359999656677246,39.720001220703125,1242.5
2016-04-11,1149.5,108.31099700927734,6.4558000564575195,13115.0,16.260000228881836,40.36000061035156,1256.699951171875
2016-04-12,1140.5,107.93000030517578,6.44950008392334,13095.0,14.850000381469727,42.16999816894531,1259.4000244140625
2016-04-13,1140.050048828125,108.63999938964844,6.455599784851074,13073.0,13.84000015258789,41.7599983215332,1246.800048828125
2016-04-14,1143.75,109.41999816894531,6.468400001525879,13145.0,13.720000267028809,41.5,1225.0
2016-04-15,1151.5999755859375,109.31600189208984,6.472599983215332,13172.0,13.619999885559082,40.36000061035156,1233.0999755859375
2016-04-18,1145.0999755859375,108.01699829101562,6.46560001373291,13130.0,13.350000381469727,39.779998779296875,1233.5999755859375
2016-04-19,1141.5999755859375,109.072998046875,6.465199947357178,13104.0,13.239999771118164,41.08000183105469,1253.0
2016-04-20,1125.8499755859375,109.23999786376953,6.4481000900268555,13086.0,13.279999732971191,42.630001068115234,1253.199951171875
2016-04-21,1130.0999755859375,109.83799743652344,6.4608001708984375,13166.0,13.949999809265137,43.18000030517578,1249.0
2016-04-22,1138.25,109.43699645996094,6.47189998626709,13172.0,13.220000267028809,43.72999954223633,1228.699951171875
2016-04-25,1147.6500244140625,111.43599700927734,6.491000175476074,13195.0,14.079999923706055,42.63999938964844,1238.9000244140625
2016-04-26,1148.52001953125,111.13600158691406,6.482999801635742,13190.0,13.960000038146973,44.040000915527344,1242.199951171875
2016-04-27,1144.8800048828125,111.2300033569336,6.483500003814697,13160.0,13.770000457763672,45.33000183105469,1249.199951171875
2016-04-28,1146.0999755859375,111.5199966430664,6.485000133514404,13155.0,15.220000267028809,46.029998779296875,1265.5
2016-04-29,1134.0,108.07599639892578,6.46589994430542,13170.0,15.699999809265137,45.91999816894531,1289.199951171875
2016-05-02,1143.0,106.4530029296875,6.464099884033203,13175.0,14.680000305175781,44.779998779296875,1294.699951171875
2016-05-03,1135.5,106.39600372314453,6.464099884033203,13095.0,15.600000381469727,43.650001525878906,1290.699951171875
2016-05-04,1149.97998046875,106.68000030517578,6.481800079345703,13185.0,16.049999237060547,43.779998779296875,1273.300048828125
2016-05-05,1164.75,106.91999816894531,6.484799861907959,13350.0,15.90999984741211,44.31999969482422,1271.4000244140625
2016-05-06,1164.5,107.2750015258789,6.493500232696533,13345.0,14.720000267028809,44.65999984741211,1292.9000244140625
2016-05-09,1167.3399658203125,107.36000061035156,6.490200042724609,13310.0,14.569999694824219,43.439998626708984,1265.5999755859375
2016-05-10,1173.050048828125,108.33100128173828,6.506899833679199,13377.0,13.630000114440918,44.65999984741211,1263.9000244140625
2016-05-11,1169.3299560546875,109.19400024414062,6.508299827575684,13298.0,14.6899995803833,46.22999954223633,1274.5999755859375
2016-05-12,1162.9000244140625,108.41500091552734,6.48199987411499,13247.0,14.40999984741211,46.70000076293945,1270.300048828125
2016-05-13,1167.4000244140625,109.0999984741211,6.506800174713135,13255.0,15.039999961853027,46.209999084472656,1271.9000244140625
2016-05-16,1174.9000244140625,108.66100311279297,6.521999835968018,13332.0,14.680000305175781,47.720001220703125,1273.4000244140625
2016-05-17,1176.449951171875,109.08000183105469,6.521299839019775,13320.0,15.569999694824219,48.310001373291016,1276.199951171875
2016-05-18,1173.3299560546875,108.94999694824219,6.518599987030029,13318.0,15.949999809265137,48.189998626708984,1273.699951171875
2016-05-19,1186.8499755859375,110.13999938964844,6.528800010681152,13435.0,16.329999923706055,48.15999984741211,1254.199951171875
2016-05-20,1185.449951171875,109.88099670410156,6.5370001792907715,13595.0,15.199999809265137,47.75,1252.4000244140625
2016-05-23,1188.4599609375,110.05000305175781,6.5366997718811035,13605.0,15.819999694824219,48.08000183105469,1251.0999755859375
2016-05-24,1181.550048828125,109.3740005493164,6.5457000732421875,13540.0,14.420000076293945,48.619998931884766,1228.9000244140625
2016-05-25,1185.550048828125,110.16999816894531,6.5472002029418945,13570.0,13.899999618530273,49.560001373291016,1223.5
2016-05-26,1178.8499755859375,110.11100006103516,6.544099807739258,13608.0,13.430000305175781,49.47999954223633,1220.0999755859375
2016-05-27,1177.949951171875,109.71299743652344,6.546999931335449,13549.0,13.119999885559082,49.33000183105469,1213.800048828125
2016-05-30,1184.25,110.7699966430664,6.553299903869629,13560.0,13.119999885559082,49.33000183105469,1213.800048828125
2016-05-31,1198.449951171875,110.84100341796875,6.573299884796143,13631.0,14.1899995803833,49.099998474121094,1214.800048828125
2016-06-01,1187.739990234375,110.66999816894531,6.57289981842041,13643.0,14.199999809265137,49.0099983215332,1211.9000244140625
2016-06-02,1190.1500244140625,109.47699737548828,6.565100193023682,13610.0,13.630000114440918,49.16999816894531,1209.800048828125
2016-06-03,1184.300048828125,108.86000061035156,6.57450008392334,13610.0,13.470000267028809,48.619998931884766,1240.0999755859375
2016-06-06,1161.5899658203125,106.72100067138672,6.554800033569336,13418.0,13.649999618530273,49.689998626708984,1244.5999755859375
2016-06-07,1157.9000244140625,107.43800354003906,6.553800106048584,13347.0,14.050000190734863,50.36000061035156,1244.4000244140625
2016-06-08,1154.5,107.25399780273438,6.561500072479248,13227.0,14.079999923706055,51.22999954223633,1259.800048828125
2016-06-09,1150.25,106.77999877929688,6.552499771118164,13205.0,14.640000343322754,50.560001373291016,1270.199951171875
2016-06-10,1156.199951171875,107.08999633789062,6.552000045776367,13250.0,17.030000686645508,49.06999969482422,1273.4000244140625
2016-06-13,1169.47998046875,106.50399780273438,6.552000045776367,13326.0,20.969999313354492,48.880001068115234,1284.4000244140625
2016-06-14,1170.1500244140625,106.22599792480469,6.575699806213379,13321.0,20.5,48.4900016784668,1285.5999755859375
2016-06-15,1173.3900146484375,106.08699798583984,6.58650016784668,13350.0,20.139999389648438,48.0099983215332,1285.800048828125
2016-06-16,1166.699951171875,105.8499984741211,6.571800231933594,13320.0,19.3700008392334,46.209999084472656,1296.0999755859375
2016-06-17,1169.5799560546875,104.74299621582031,6.581999778747559,13386.0,19.40999984741211,47.97999954223633,1292.5
2016-06-20,1168.56005859375,104.64800262451172,6.578400135040283,13332.0,18.3700008392334,49.369998931884766,1290.0
2016-06-21,1159.3499755859375,103.8239974975586,6.5671000480651855,13250.0,18.479999542236328,48.849998474121094,1270.5
2016-06-22,1151.5999755859375,104.66999816894531,6.5802998542785645,13255.0,21.170000076293945,49.130001068115234,1268.0
2016-06-23,1149.9000244140625,104.6500015258789,6.567500114440918,13195.0,17.25,50.11000061035156,1261.199951171875
2016-06-24,1141.260009765625,104.89600372314453,6.567299842834473,13250.0,25.760000228881836,47.63999938964844,1320.0
2016-06-27,1170.6099853515625,102.12699890136719,6.611800193786621,13375.0,23.850000381469727,46.33000183105469,1322.5
2016-06-28,1177.6500244140625,101.81199645996094,6.641600131988525,13385.0,18.75,47.849998474121094,1315.300048828125
2016-06-29,1165.3800048828125,102.70099639892578,6.6381001472473145,13160.0,16.639999389648438,49.880001068115234,1323.9000244140625
2016-06-30,1152.1500244140625,102.77799987792969,6.626800060272217,13139.0,15.630000114440918,48.33000183105469,1318.4000244140625
2016-07-01,1151.25,103.072998046875,6.6381001472473145,13177.0,14.770000457763672,48.9900016784668,1336.699951171875
2016-07-04,1148.0,102.48799896240234,6.645699977874756,13115.0,14.770000457763672,48.9900016784668,1336.699951171875
2016-07-05,1151.4000244140625,102.51799774169922,6.655300140380859,13060.0,15.579999923706055,46.599998474121094,1356.4000244140625
2016-07-06,1154.949951171875,101.14099884033203,6.6697001457214355,13160.0,14.960000038146973,47.43000030517578,1364.9000244140625
2016-07-07,1155.25,101.1500015258789,6.683000087738037,13212.0,14.760000228881836,45.13999938964844,1360.0999755859375
2016-07-08,1155.6500244140625,100.79000091552734,6.67110013961792,13100.0,13.199999809265137,45.40999984741211,1356.5999755859375
2016-07-11,1147.7099609375,100.69200134277344,6.678100109100342,13105.0,13.539999961853027,44.7599983215332,1355.0
2016-07-12,1148.0699462890625,102.52400207519531,6.683899879455566,13120.0,13.550000190734863,46.79999923706055,1334.0999755859375
2016-07-13,1141.0,104.75599670410156,6.678599834442139,13075.0,13.039999961853027,44.75,1342.4000244140625
2016-07-14,1142.6500244140625,104.07599639892578,6.676300048828125,13015.0,12.819999694824219,45.68000030517578,1331.300048828125
2016-07-15,1129.25,105.19100189208984,6.673600196838379,13020.0,12.670000076293945,45.95000076293945,1326.5
2016-07-18,1136.5999755859375,105.45899963378906,6.67609977722168,13062.0,12.4399995803833,45.2400016784668,1328.4000244140625
2016-07-19,1133.050048828125,106.14600372314453,6.704599857330322,13078.0,11.970000267028809,44.650001525878906,1331.5
2016-07-20,1139.199951171875,106.13700103759766,6.695400238037109,13093.0,11.770000457763672,44.939998626708984,1318.800048828125
2016-07-21,1140.949951171875,107.2040023803711,6.676599979400635,13105.0,12.739999771118164,44.75,1330.5
2016-07-22,1136.050048828125,105.81099700927734,6.6743998527526855,13111.0,12.020000457763672,44.189998626708984,1323.0999755859375
2016-07-25,1134.0,106.32599639892578,6.693900108337402,13113.0,12.869999885559082,43.130001068115234,1319.300048828125
2016-07-26,1141.530029296875,105.5780029296875,6.679299831390381,13095.0,13.050000190734863,42.91999816894531,1320.699951171875
2016-07-27,1134.550048828125,104.8489990234375,6.6697001457214355,13162.0,12.829999923706055,41.91999816894531,1326.5999755859375
2016-07-28,1129.050048828125,104.95099639892578,6.666800022125244,13098.0,12.720000267028809,41.13999938964844,1332.300048828125
2016-07-29,1123.3499755859375,104.74500274658203,6.656099796295166,13058.0,11.869999885559082,41.599998474121094,1349.0
2016-08-01,1109.949951171875,102.33200073242188,6.642300128936768,13020.0,12.4399995803833,40.060001373291016,1351.4000244140625
2016-08-02,1105.449951171875,102.35900115966797,6.641499996185303,13010.0,13.369999885559082,39.5099983215332,1364.4000244140625
2016-08-03,1111.8399658203125,101.06800079345703,6.628699779510498,13092.0,12.859999656677246,40.83000183105469,1356.0999755859375
2016-08-04,1113.449951171875,101.33699798583984,6.630799770355225,13140.0,12.420000076293945,41.93000030517578,1358.800048828125
2016-08-05,1109.949951171875,101.1989974975586,6.638700008392334,13103.0,11.390000343322754,41.79999923706055,1336.4000244140625
2016-08-08,1113.3499755859375,102.1449966430664,6.673699855804443,13122.0,11.5,43.02000045776367,1333.4000244140625
2016-08-09,1104.6500244140625,102.28800201416016,6.660399913787842,13105.0,11.65999984741211,42.77000045776367,1339.0
2016-08-10,1099.9000244140625,101.91500091552734,6.655200004577637,13101.0,12.050000190734863,41.709999084472656,1344.300048828125
2016-08-11,1094.25,101.13300323486328,6.639200210571289,13083.0,11.680000305175781,43.4900016784668,1342.5
2016-08-12,1095.949951171875,101.80799865722656,6.625999927520752,13098.0,11.550000190734863,44.4900016784668,1335.800048828125
2016-08-15,1102.47998046875,101.28299713134766,6.644899845123291,13106.0,11.8100004196167,45.7400016784668,1340.300048828125
2016-08-16,1097.3599853515625,101.23999786376953,6.63539981842041,13062.0,12.640000343322754,46.58000183105469,1350.5
2016-08-17,1094.030029296875,100.19999694824219,6.624800205230713,13111.0,12.1899995803833,46.790000915527344,1342.699951171875
2016-08-18,1104.5,99.90599822998047,6.633999824523926,13115.0,11.430000305175781,48.220001220703125,1351.199951171875
2016-08-19,1106.9599609375,100.11199951171875,6.611999988555908,13109.0,11.34000015258789,48.52000045776367,1340.4000244140625
2016-08-22,1117.3900146484375,100.55400085449219,6.634399890899658,13179.0,12.270000457763672,47.04999923706055,1337.699951171875
2016-08-23,1122.5699462890625,100.2509994506836,6.647500038146973,13209.0,12.380000114440918,48.099998474121094,1340.5999755859375
2016-08-24,1119.3900146484375,100.31099700927734,6.6407999992370605,13234.0,13.449999809265137,46.77000045776367,1324.4000244140625
2016-08-25,1119.7900390625,100.552001953125,6.658400058746338,13258.0,13.630000114440918,47.33000183105469,1320.0999755859375
2016-08-26,1114.1300048828125,100.55500030517578,6.65939998626709,13246.0,13.649999618530273,47.63999938964844,1321.5
2016-08-29,1121.75,101.91999816894531,6.678899765014648,13310.0,12.9399995803833,46.97999954223633,1322.9000244140625
2016-08-30,1118.3299560546875,101.80899810791016,6.67519998550415,13248.0,13.119999885559082,46.349998474121094,1311.699951171875
2016-08-31,1118.3800048828125,102.86799621582031,6.6803998947143555,13283.0,13.420000076293945,44.70000076293945,1306.9000244140625
2016-09-01,1114.43994140625,103.302001953125,6.677599906921387,13280.0,13.479999542236328,43.15999984741211,1312.199951171875
2016-09-02,1116.5999755859375,103.25800323486328,6.6682000160217285,13273.0,11.979999542236328,44.439998626708984,1322.0999755859375
2016-09-05,1114.8499755859375,103.93399810791016,6.679800033569336,13195.0,11.979999542236328,44.439998626708984,1322.0999755859375
2016-09-06,1103.4300537109375,103.51000213623047,6.675899982452393,13125.0,12.020000457763672,44.83000183105469,1349.4000244140625
2016-09-07,1094.5899658203125,101.5250015258789,6.674300193786621,13058.0,11.9399995803833,45.5,1344.300048828125
2016-09-08,1088.800048828125,101.8290023803711,6.662600040435791,13070.0,12.510000228881836,47.619998931884766,1336.800048828125
2016-09-09,1097.3900146484375,102.30599975585938,6.662799835205078,13071.0,17.5,45.880001068115234,1330.0999755859375
2016-09-12,1103.5999755859375,102.43800354003906,6.679900169372559,13176.0,15.15999984741211,46.290000915527344,1321.0
2016-09-13,1107.4599609375,101.7509994506836,6.678699970245361,13172.0,17.850000381469727,44.900001525878906,1319.0
2016-09-14,1126.530029296875,102.50399780273438,6.676400184631348,13241.0,18.139999389648438,43.58000183105469,1321.5
2016-09-15,1125.75,102.5479965209961,6.6732001304626465,13191.0,16.299999237060547,43.90999984741211,1313.5
2016-09-16,1123.5999755859375,102.00800323486328,6.671199798583984,13144.0,15.369999885559082,43.029998779296875,1305.800048828125
2016-09-19,1124.9000244140625,102.30699920654297,6.6707000732421875,13163.0,15.529999732971191,43.29999923706055,1313.5
2016-09-20,1118.43994140625,101.84600067138672,6.666200160980225,13139.0,15.920000076293945,43.439998626708984,1313.699951171875
2016-09-21,1116.1500244140625,101.5469970703125,6.66949987411499,13158.0,13.300000190734863,45.34000015258789,1326.9000244140625
2016-09-22,1104.3699951171875,100.39299774169922,6.673600196838379,13058.0,12.020000457763672,46.31999969482422,1340.4000244140625
2016-09-23,1101.989990234375,100.83100128173828,6.66379976272583,13062.0,12.289999961853027,44.47999954223633,1337.199951171875
2016-09-26,1101.800048828125,100.88899993896484,6.657199859619141,13053.0,14.5,45.93000030517578,1339.699951171875
2016-09-27,1107.4599609375,100.35900115966797,6.667699813842773,13039.0,13.100000381469727,44.66999816894531,1325.9000244140625
2016-09-28,1095.9000244140625,100.46800231933594,6.6697998046875,12917.0,12.390000343322754,47.04999923706055,1319.4000244140625
2016-09-29,1091.0799560546875,100.93499755859375,6.67519998550415,12921.0,14.020000457763672,47.83000183105469,1321.699951171875
2016-09-30,1101.6199951171875,101.1989974975586,6.668700218200684,13003.0,13.289999961853027,48.2400016784668,1313.300048828125
2016-10-03,1102.1500244140625,101.56300354003906,6.6381001472473145,12966.0,13.569999694824219,48.810001373291016,1309.0
2016-10-04,1103.239990234375,101.81700134277344,6.6732001304626465,12962.0,13.630000114440918,48.689998626708984,1266.300048828125
2016-10-05,1115.3599853515625,102.87999725341797,6.67080020904541,13031.0,12.989999771118164,49.83000183105469,1265.199951171875
2016-10-06,1113.1800537109375,103.45999908447266,6.672999858856201,13014.0,12.84000015258789,50.439998626708984,1249.800048828125
2016-10-07,1114.8900146484375,103.76499938964844,6.673699855804443,13005.0,13.479999542236328,49.810001373291016,1248.9000244140625
2016-10-10,1115.8499755859375,103.01799774169922,6.6768999099731445,12967.0,13.380000114440918,49.810001373291016,1248.9000244140625
2016-10-11,1106.6199951171875,103.6969985961914,6.707699775695801,12926.0,15.359999656677246,50.790000915527344,1253.0
2016-10-12,1123.6800537109375,103.34200286865234,6.723499774932861,13068.0,15.90999984741211,50.18000030517578,1251.0999755859375
2016-10-13,1123.81005859375,104.30400085449219,6.718800067901611,13019.0,16.690000534057617,50.439998626708984,1255.0
2016-10-14,1128.1199951171875,103.72200012207031,6.729300022125244,13044.0,16.1200008392334,50.349998474121094,1253.0999755859375
2016-10-17,1136.050048828125,104.03900146484375,6.730999946594238,13092.0,16.209999084472656,49.939998626708984,1254.4000244140625
2016-10-18,1135.6300048828125,103.85099792480469,6.731500148773193,13051.0,15.279999732971191,50.290000915527344,1260.800048828125
2016-10-19,1124.6199951171875,103.86499786376953,6.743000030517578,13020.0,14.40999984741211,51.599998474121094,1267.9000244140625
2016-10-20,1119.6099853515625,103.39099884033203,6.735400199890137,12972.0,13.75,50.43000030517578,1265.5999755859375
2016-10-21,1130.22998046875,104.10900115966797,6.743000030517578,13005.0,13.34000015258789,50.849998474121094,1265.9000244140625
2016-10-24,1135.5999755859375,103.91699981689453,6.766300201416016,13050.0,13.020000457763672,50.52000045776367,1262.0
2016-10-25,1134.3800048828125,104.32099914550781,6.776199817657471,13012.0,13.460000038146973,49.959999084472656,1271.9000244140625
2016-10-26,1129.0999755859375,104.15399932861328,6.780600070953369,12976.0,14.239999771118164,49.18000030517578,1264.800048828125
2016-10-27,1137.3299560546875,104.56300354003906,6.769700050354004,13024.0,15.359999656677246,49.720001220703125,1267.9000244140625
2016-10-28,1146.52001953125,105.20899963378906,6.784800052642822,13053.0,16.190000534057617,48.70000076293945,1275.5
2016-10-31,1146.699951171875,104.56500244140625,6.783400058746338,13063.0,17.059999465942383,46.86000061035156,1271.5
2016-11-01,1143.3299560546875,104.81999969482422,6.774600028991699,13013.0,18.559999465942383,46.66999816894531,1286.4000244140625
2016-11-02,1145.469970703125,104.09200286865234,6.766300201416016,13038.0,19.31999969482422,45.34000015258789,1306.800048828125
2016-11-03,1145.1700439453125,103.37799835205078,6.747099876403809,13046.0,22.079999923706055,44.65999984741211,1302.0999755859375
2016-11-04,1143.4200439453125,103.052001953125,6.766200065612793,13068.0,22.510000228881836,44.06999969482422,1303.300048828125
2016-11-07,1141.449951171875,104.19499969482422,6.755499839782715,13115.0,18.709999084472656,44.88999938964844,1278.300048828125
2016-11-08,1140.550048828125,104.43800354003906,6.774099826812744,13087.0,18.739999771118164,44.97999954223633,1273.4000244140625
2016-11-09,1127.8599853515625,105.02999877929688,6.784800052642822,13041.0,14.380000114440918,45.27000045776367,1272.5999755859375
2016-11-10,1156.280029296875,105.85299682617188,6.77869987487793,13137.0,14.739999771118164,44.65999984741211,1265.5
2016-11-11,1164.949951171875,106.85600280761719,6.801700115203857,13588.0,14.170000076293945,44.65999984741211,1265.5
2016-11-14,1164.4000244140625,106.87100219726562,6.805099964141846,13342.0,14.479999542236328,43.31999969482422,1221.199951171875
2016-11-15,1167.760009765625,108.2020034790039,6.845699787139893,13459.0,13.369999885559082,45.810001373291016,1224.0
2016-11-16,1166.68994140625,109.03800201416016,6.858099937438965,13313.0,13.720000267028809,45.56999969482422,1223.4000244140625
2016-11-17,1169.0699462890625,108.78500366210938,6.7891998291015625,13368.0,13.350000381469727,45.41999816894531,1216.5
2016-11-18,1179.1500244140625,110.25599670410156,6.8765997886657715,13411.0,12.850000381469727,45.689998626708984,1208.5
2016-11-21,1180.75,110.9729995727539,6.892499923706055,13479.0,12.420000076293945,47.4900016784668,1209.5999755859375
2016-11-22,1179.1800537109375,110.6500015258789,6.888899803161621,13412.0,12.40999984741211,48.029998779296875,1211.0
2016-11-23,1167.9300537109375,111.00599670410156,6.8892998695373535,13432.0,12.430000305175781,47.959999084472656,1189.0999755859375
2016-11-24,1180.8599853515625,112.58200073242188,6.910200119018555,13607.0,12.430000305175781,47.959999084472656,1189.0999755859375
2016-11-25,1181.050048828125,113.29199981689453,6.9182000160217285,13558.0,12.34000015258789,46.060001373291016,1178.199951171875
2016-11-28,1172.699951171875,112.6520004272461,6.9217000007629395,13480.0,13.149999618530273,47.08000183105469,1190.5999755859375
2016-11-29,1169.7099609375,111.69000244140625,6.906300067901611,13479.0,12.899999618530273,45.22999954223633,1187.9000244140625
2016-11-30,1167.8599853515625,112.47000122070312,6.897299766540527,13502.0,13.329999923706055,49.439998626708984,1170.800048828125
2016-12-01,1178.1300048828125,114.69400024414062,6.8907999992370605,13572.0,14.069999694824219,51.060001373291016,1166.9000244140625
2016-12-02,1167.699951171875,113.90899658203125,6.876500129699707,13518.0,14.119999885559082,51.68000030517578,1175.0999755859375
2016-12-05,1169.5999755859375,113.50499725341797,6.885499954223633,13640.0,12.140000343322754,51.790000915527344,1174.0
2016-12-06,1166.989990234375,113.86299896240234,6.870999813079834,13436.0,11.789999961853027,50.93000030517578,1167.5999755859375
2016-12-07,1170.550048828125,114.052001953125,6.872000217437744,13296.0,12.220000267028809,49.77000045776367,1175.0
2016-12-08,1157.5,113.71299743652344,6.870500087738037,13277.0,12.640000343322754,50.84000015258789,1169.800048828125
2016-12-09,1162.25,114.07499694824219,6.869900226593018,13306.0,11.75,51.5,1159.4000244140625
2016-12-12,1169.949951171875,115.41200256347656,6.906700134277344,13357.0,12.640000343322754,52.83000183105469,1163.5
2016-12-13,1164.6500244140625,115.00199890136719,6.896900177001953,13278.0,12.720000267028809,52.97999954223633,1156.699951171875
2016-12-14,1163.5899658203125,115.2239990234375,6.89169979095459,13280.0,13.1899995803833,51.040000915527344,1161.300048828125
2016-12-15,1179.1600341796875,117.21099853515625,6.903800010681152,13418.0,12.789999961853027,50.900001525878906,1127.800048828125
2016-12-16,1184.4300537109375,118.24099731445312,6.934299945831299,13411.0,12.199999809265137,51.900001525878906,1135.300048828125
2016-12-19,1186.0,117.79100036621094,6.9583001136779785,13383.0,11.710000038146973,52.119998931884766,1140.5
2016-12-20,1186.949951171875,117.03700256347656,6.953000068664551,13370.0,11.449999809265137,52.22999954223633,1131.5
2016-12-21,1191.469970703125,117.875,6.94980001449585,13421.0,11.270000457763672,52.4900016784668,1131.0999755859375
2016-12-22,1193.3499755859375,117.60399627685547,6.941400051116943,13439.0,11.430000305175781,52.95000076293945,1128.800048828125
2016-12-23,1205.0999755859375,117.54199981689453,6.940400123596191,13449.0,11.4399995803833,53.02000045776367,1131.9000244140625
2016-12-26,1199.550048828125,117.30999755859375,6.945300102233887,13442.0,11.4399995803833,53.02000045776367,1131.9000244140625
2016-12-27,1199.550048828125,117.19200134277344,6.944699764251709,13442.0,11.989999771118164,53.900001525878906,1137.300048828125
2016-12-28,1206.47998046875,117.4800033569336,6.942500114440918,13429.0,12.949999809265137,54.060001373291016,1139.4000244140625
2016-12-29,1210.3399658203125,117.08699798583984,6.958099842071533,13490.0,13.369999885559082,53.77000045776367,1156.4000244140625
2016-12-30,1205.2900390625,116.26699829101562,6.945300102233887,13466.0,14.039999961853027,53.720001220703125,1150.0
2017-01-02,1205.449951171875,116.79499816894531,6.94379997253418,13512.0,14.039999961853027,53.720001220703125,1150.0
2017-01-03,1202.9300537109375,117.49500274658203,6.943999767303467,13506.0,12.850000381469727,52.33000183105469,1160.4000244140625
2017-01-04,1206.010009765625,117.65899658203125,6.959799766540527,13443.0,11.850000381469727,53.2599983215332,1163.800048828125
2017-01-05,1194.47998046875,117.11299896240234,6.925099849700928,13348.0,11.670000076293945,53.7599983215332,1179.699951171875
2017-01-06,1180.6300048828125,115.26499938964844,6.887899875640869,13319.0,11.319999694824219,53.9900016784668,1171.9000244140625
2017-01-09,1201.0999755859375,117.1500015258789,6.917500019073486,13351.0,11.5600004196167,51.959999084472656,1183.5
2017-01-10,1202.52001953125,115.98500061035156,6.936699867248535,13314.0,11.489999771118164,50.81999969482422,1184.199951171875
2017-01-11,1200.5999755859375,115.87200164794922,6.921199798583984,13291.0,11.260000228881836,52.25,1195.5999755859375
2017-01-12,1187.1600341796875,115.0979995727539,6.936100006103516,13241.0,11.539999961853027,53.0099983215332,1198.9000244140625
2017-01-13,1174.719970703125,114.66400146484375,6.894899845123291,13258.0,11.229999542236328,52.369998931884766,1195.300048828125
2017-01-16,1174.050048828125,114.22699737548828,6.898799896240234,13313.0,11.229999542236328,52.369998931884766,1195.300048828125
2017-01-17,1182.1700439453125,114.1520004272461,6.890999794006348,13349.0,11.869999885559082,52.47999954223633,1212.0
2017-01-18,1160.030029296875,112.87799835205078,6.844600200653076,13296.0,12.479999542236328,51.08000183105469,1211.300048828125
2017-01-19,1176.7900390625,114.76200103759766,6.8379998207092285,13370.0,12.779999732971191,51.369998931884766,1200.9000244140625
2017-01-20,1173.75,114.9800033569336,6.861299991607666,13378.0,11.539999961853027,52.41999816894531,1204.300048828125
2017-01-23,1173.300048828125,113.80999755859375,6.875500202178955,13406.0,11.770000457763672,52.75,1215.0
2017-01-24,1162.6500244140625,112.77999877929688,6.843999862670898,13345.0,11.069999694824219,53.18000030517578,1210.300048828125
2017-01-25,1168.030029296875,113.83999633789062,6.848999977111816,13342.0,10.8100004196167,52.75,1197.300048828125
2017-01-26,1161.260009765625,113.29299926757812,6.873600006103516,13316.0,10.630000114440918,53.779998779296875,1189.5
2017-01-27,1170.6700439453125,114.45500183105469,6.878399848937988,13387.0,10.579999923706055,53.16999816894531,1188.0999755859375
2017-01-30,1177.5999755859375,114.66799926757812,6.882999897003174,13326.0,11.880000114440918,52.630001068115234,1193.199951171875
2017-01-31,1169.2099609375,113.6500015258789,6.88070011138916,13338.0,11.989999771118164,52.810001373291016,1208.5999755859375
2017-02-01,1149.25,112.74299621582031,6.878699779510498,13345.0,11.8100004196167,53.880001068115234,1205.5999755859375
2017-02-02,1151.949951171875,113.31099700927734,6.880899906158447,13360.0,11.930000305175781,53.540000915527344,1216.699951171875
2017-02-03,1142.699951171875,112.78900146484375,6.880000114440918,13346.0,10.970000267028809,53.83000183105469,1218.5
2017-02-06,1137.760009765625,112.63899993896484,6.872200012207031,13338.0,11.369999885559082,53.0099983215332,1230.0
2017-02-07,1132.7099609375,111.8270034790039,6.86359977722168,13326.0,11.289999961853027,52.16999816894531,1234.199951171875
2017-02-08,1142.0999755859375,112.38700103759766,6.884500026702881,13310.0,11.449999809265137,52.34000015258789,1237.5999755859375
2017-02-09,1144.6199951171875,111.9520034790039,6.872499942779541,13302.0,10.880000114440918,53.0,1235.0999755859375
2017-02-10,1149.9100341796875,113.43399810791016,6.868599891662598,13288.0,10.850000381469727,53.86000061035156,1234.4000244140625
2017-02-13,1145.1800537109375,113.91400146484375,6.895199775695801,13335.0,11.069999694824219,52.93000030517578,1224.4000244140625
2017-02-14,1148.699951171875,113.70500183105469,6.879499912261963,13323.0,10.739999771118164,53.20000076293945,1223.9000244140625
2017-02-15,1137.9599609375,114.3010025024414,6.866799831390381,13321.0,11.970000267028809,53.11000061035156,1231.699951171875
2017-02-16,1133.0999755859375,114.11199951171875,6.8684000968933105,13316.0,11.760000228881836,53.36000061035156,1240.0
2017-02-17,1141.0799560546875,113.30500030517578,6.85260009765625,13321.0,11.489999771118164,53.400001525878906,1237.5999755859375
2017-02-20,1149.5999755859375,112.91100311279297,6.8557000160217285,13350.0,11.489999771118164,53.400001525878906,1237.5999755859375
2017-02-21,1143.9599609375,113.27999877929688,6.8780999183654785,13347.0,11.569999694824219,54.060001373291016,1237.5
2017-02-22,1141.1800537109375,113.66899871826172,6.882599830627441,13358.0,11.739999771118164,53.59000015258789,1232.0
2017-02-23,1137.949951171875,113.41699981689453,6.873700141906738,13338.0,11.710000038146973,54.45000076293945,1250.199951171875
2017-02-24,1131.81005859375,112.68199920654297,6.865499973297119,13325.0,11.470000267028809,53.9900016784668,1256.9000244140625
2017-02-27,1130.449951171875,112.18800354003906,6.900700092315674,13324.0,12.09000015258789,54.04999923706055,1257.4000244140625
2017-02-28,1133.93994140625,112.74500274658203,6.870100021362305,13339.0,12.920000076293945,54.0099983215332,1252.5999755859375
2017-03-01,1136.7900390625,113.0770034790039,6.866399765014648,13391.0,12.539999961853027,53.83000183105469,1248.9000244140625
2017-03-02,1139.5699462890625,114.12100219726562,6.882199764251709,13392.0,11.8100004196167,52.61000061035156,1231.9000244140625
2017-03-03,1149.9000244140625,114.34200286865234,6.887599945068359,13373.0,10.960000038146973,53.33000183105469,1225.5
2017-03-06,1151.969970703125,113.84700012207031,6.896200180053711,13278.0,11.239999771118164,53.20000076293945,1224.5
2017-03-07,1154.25,113.91699981689453,6.896699905395508,13342.0,11.449999809265137,53.13999938964844,1215.0999755859375
2017-03-08,1149.4100341796875,113.9260025024414,6.902299880981445,13336.0,11.859999656677246,50.279998779296875,1208.5
2017-03-09,1153.6199951171875,114.41100311279297,6.911900043487549,13368.0,12.300000190734863,49.279998779296875,1202.4000244140625
2017-03-10,1159.280029296875,115.14900207519531,6.910200119018555,13403.0,11.65999984741211,48.4900016784668,1200.699951171875
2017-03-13,1145.9599609375,114.73200225830078,6.856599807739258,13346.0,11.350000381469727,48.400001525878906,1202.4000244140625
2017-03-14,1147.550048828125,114.91500091552734,6.913000106811523,13372.0,12.300000190734863,47.720001220703125,1201.9000244140625
2017-03-15,1148.219970703125,114.65899658203125,6.9145002365112305,13390.0,11.630000114440918,48.86000061035156,1200.0999755859375
2017-03-16,1127.4000244140625,113.4020004272461,6.913599967956543,13217.0,11.210000038146973,48.75,1226.5
2017-03-17,1127.010009765625,113.33999633789062,6.896699905395508,13283.0,11.279999732971191,48.779998779296875,1229.800048828125
2017-03-20,1126.6500244140625,112.67400360107422,6.904099941253662,13330.0,11.34000015258789,48.220001220703125,1233.5999755859375
2017-03-21,1113.75,112.572998046875,6.906000137329102,13332.0,12.470000267028809,47.34000015258789,1246.0999755859375
2017-03-22,1122.780029296875,111.53199768066406,6.884900093078613,13308.0,12.8100004196167,48.040000915527344,1249.300048828125
2017-03-23,1116.4100341796875,111.36900329589844,6.882999897003174,13327.0,13.119999885559082,47.70000076293945,1246.9000244140625
2017-03-24,1121.22998046875,111.00399780273438,6.885799884796143,13318.0,12.960000038146973,47.970001220703125,1248.199951171875
2017-03-27,1116.1400146484375,110.552001953125,6.853499889373779,13320.0,12.5,47.72999954223633,1255.4000244140625
2017-03-28,1111.0999755859375,110.77100372314453,6.872099876403809,13308.0,11.529999732971191,48.369998931884766,1255.300048828125
2017-03-29,1115.5,111.22599792480469,6.878300189971924,13309.0,11.420000076293945,49.5099983215332,1253.4000244140625
2017-03-30,1109.949951171875,111.15399932861328,6.887700080871582,13303.0,11.539999961853027,50.349998474121094,1245.0
2017-03-31,1117.02001953125,111.7760009765625,6.888999938964844,13299.0,12.369999885559082,50.599998474121094,1247.300048828125
2017-04-03,1115.1600341796875,111.26499938964844,6.880199909210205,13335.0,12.380000114440918,50.2400016784668,1250.800048828125
2017-04-04,1116.22998046875,110.70899963378906,6.883900165557861,13316.0,11.789999961853027,51.029998779296875,1255.0
2017-04-05,1124.0999755859375,110.85399627685547,6.885200023651123,13332.0,12.890000343322754,51.150001525878906,1245.4000244140625
2017-04-06,1127.0999755859375,110.38099670410156,6.893899917602539,13323.0,12.390000343322754,51.70000076293945,1250.300048828125
2017-04-07,1130.0,110.89700317382812,6.897799968719482,13353.0,12.869999885559082,52.2400016784668,1254.300048828125
2017-04-10,1136.0,111.2249984741211,6.905700206756592,13373.0,14.050000190734863,53.08000183105469,1251.0999755859375
2017-04-11,1142.030029296875,110.71700286865234,6.903299808502197,13271.0,15.069999694824219,53.400001525878906,1271.199951171875
2017-04-12,1144.5899658203125,109.58699798583984,6.8907999992370605,13291.0,15.770000457763672,53.11000061035156,1275.300048828125
2017-04-13,1133.4300537109375,108.9020004272461,6.890900135040283,13277.0,15.960000038146973,53.18000030517578,1285.9000244140625
2017-04-14,1135.0,109.10099792480469,6.886499881744385,13276.0,15.960000038146973,53.18000030517578,1285.9000244140625
2017-04-17,1135.3599853515625,108.322998046875,6.890999794006348,13287.0,14.65999984741211,52.650001525878906,1289.4000244140625
2017-04-18,1131.800048828125,109.11199951171875,6.868599891662598,13279.0,14.420000076293945,52.40999984741211,1291.699951171875
2017-04-19,1141.6800537109375,108.53500366210938,6.881899833679199,13296.0,14.930000305175781,50.439998626708984,1281.4000244140625
2017-04-20,1141.8900146484375,108.83399963378906,6.886000156402588,13343.0,14.149999618530273,50.27000045776367,1281.9000244140625
2017-04-21,1137.1099853515625,109.375,6.881700038909912,13317.0,14.630000114440918,49.619998931884766,1287.4000244140625
2017-04-24,1133.7099609375,109.97799682617188,6.792099952697754,13105.0,10.84000015258789,49.22999954223633,1275.800048828125
2017-04-25,1133.8399658203125,109.64099884033203,6.882500171661377,13124.0,10.760000228881836,49.560001373291016,1265.5999755859375
2017-04-26,1125.469970703125,111.0459976196289,6.881700038909912,13303.0,10.850000381469727,49.619998931884766,1262.0999755859375
2017-04-27,1131.800048828125,111.19100189208984,6.892099857330322,13261.0,10.359999656677246,48.970001220703125,1263.699951171875
2017-04-28,1129.93994140625,111.22599792480469,6.896900177001953,13351.0,10.819999694824219,49.33000183105469,1266.0999755859375
2017-05-01,1135.6400146484375,111.302001953125,6.912099838256836,13322.0,10.109999656677246,48.84000015258789,1253.300048828125
2017-05-02,1136.260009765625,111.81199645996094,6.89300012588501,13325.0,10.59000015258789,47.65999984741211,1255.0999755859375
2017-05-03,1127.760009765625,111.96900177001953,6.893499851226807,13295.0,10.680000305175781,47.81999969482422,1246.4000244140625
2017-05-04,1132.9100341796875,112.78299713134766,6.896699905395508,13304.0,10.460000038146973,45.52000045776367,1226.5
2017-05-05,1134.93994140625,112.53700256347656,6.895400047302246,13340.0,10.569999694824219,46.220001220703125,1224.800048828125
2017-05-08,1133.719970703125,112.68399810791016,6.884699821472168,13315.0,9.770000457763672,46.43000030517578,1225.300048828125
2017-05-09,1132.6500244140625,113.2300033569336,6.9045000076293945,13324.0,9.960000038146973,45.880001068115234,1214.300048828125
2017-05-10,1137.8599853515625,113.697998046875,6.907100200653076,13359.0,10.210000038146973,47.33000183105469,1217.300048828125
2017-05-11,1130.0400390625,114.3280029296875,6.9029998779296875,13353.0,10.600000381469727,47.83000183105469,1222.699951171875
2017-05-12,1123.1600341796875,113.80899810791016,6.90369987487793,13312.0,10.399999618530273,47.84000015258789,1226.199951171875
2017-05-15,1123.0999755859375,113.27100372314453,6.902100086212158,13323.0,10.420000076293945,48.849998474121094,1228.5999755859375
2017-05-16,1117.4300537109375,113.64199829101562,6.894000053405762,13285.0,10.649999618530273,48.65999984741211,1235.0
2017-05-17,1115.0,112.64600372314453,6.888599872589111,13274.0,15.59000015258789,49.06999969482422,1257.5
2017-05-18,1120.949951171875,111.1259994506836,6.88129997253418,13318.0,14.65999984741211,49.349998474121094,1251.699951171875
2017-05-19,1128.4100341796875,111.4010009765625,6.889100074768066,13399.0,12.039999961853027,50.33000183105469,1252.699951171875
2017-05-22,1117.010009765625,111.28399658203125,6.853899955749512,13328.0,10.930000305175781,50.72999954223633,1260.699951171875
2017-05-23,1114.780029296875,110.89099884033203,6.884399890899658,13296.0,10.720000267028809,51.470001220703125,1254.800048828125
2017-05-24,1124.5699462890625,111.95700073242188,6.891200065612793,13296.0,10.020000457763672,51.36000061035156,1252.4000244140625
2017-05-25,1118.3800048828125,111.52400207519531,6.889999866485596,13302.0,9.989999771118164,48.900001525878906,1255.800048828125
2017-05-26,1119.56005859375,111.7300033569336,6.867700099945068,13302.0,9.8100004196167,49.79999923706055,1267.5999755859375
2017-05-29,1118.75,111.25599670410156,6.85699987411499,13288.0,9.8100004196167,49.79999923706055,1267.5999755859375
2017-05-30,1122.8399658203125,111.17400360107422,6.856200218200684,13315.0,10.380000114440918,49.65999984741211,1262.0999755859375
2017-05-31,1123.9000244140625,110.83899688720703,6.855800151824951,13319.0,10.40999984741211,48.31999969482422,1272.0
2017-06-01,1119.02001953125,110.7959976196289,6.811200141906738,13294.0,9.890000343322754,48.36000061035156,1267.0
2017-06-02,1121.0400390625,111.43699645996094,6.808599948883057,13288.0,9.75,47.65999984741211,1276.800048828125
2017-06-05,1117.449951171875,110.46299743652344,6.81279993057251,13304.0,10.069999694824219,47.400001525878906,1279.300048828125
2017-06-06,1116.949951171875,110.38099670410156,6.802800178527832,13283.0,10.449999809265137,48.189998626708984,1294.4000244140625
2017-06-07,1117.4599609375,109.50900268554688,6.7957000732421875,13259.0,10.390000343322754,45.720001220703125,1290.0999755859375
2017-06-08,1123.1400146484375,109.9000015258789,6.797500133514404,13313.0,10.15999984741211,45.63999938964844,1276.300048828125
2017-06-09,1121.510009765625,109.85900115966797,6.799200057983398,13293.0,10.699999809265137,45.83000183105469,1268.5
2017-06-12,1124.0999755859375,110.28800201416016,6.784800052642822,13295.0,11.460000038146973,46.08000183105469,1266.0999755859375
2017-06-13,1130.489990234375,109.9209976196289,6.797599792480469,13314.0,10.420000076293945,46.459999084472656,1265.800048828125
2017-06-14,1126.550048828125,110.05500030517578,6.798799991607666,13282.0,10.640000343322754,44.72999954223633,1272.800048828125
2017-06-15,1118.9000244140625,109.44599914550781,6.790999889373779,13286.0,10.899999618530273,44.459999084472656,1252.199951171875
2017-06-16,1129.93994140625,110.9520034790039,6.808499813079834,13294.0,10.380000114440918,44.7400016784668,1254.0
2017-06-19,1131.1400146484375,110.9540023803711,6.803400039672852,13277.0,10.369999885559082,44.20000076293945,1244.199951171875
2017-06-20,1135.72998046875,111.6729965209961,6.819699764251709,13286.0,10.859999656677246,43.22999954223633,1241.0
2017-06-21,1140.8499755859375,111.33399963378906,6.826399803161621,13291.0,10.75,42.529998779296875,1243.4000244140625
2017-06-22,1142.5,111.30999755859375,6.8282999992370605,13301.0,10.479999542236328,42.7400016784668,1247.5999755859375
2017-06-23,1139.050048828125,111.29000091552734,6.83459997177124,13341.0,10.020000457763672,43.0099983215332,1256.199951171875
2017-06-26,1133.449951171875,111.23899841308594,6.834199905395508,13284.0,9.899999618530273,43.380001068115234,1246.300048828125
2017-06-27,1133.0799560546875,111.85800170898438,6.839799880981445,13318.0,11.0600004196167,44.2400016784668,1246.4000244140625
2017-06-28,1139.9599609375,112.18800354003906,6.812600135803223,13308.0,10.029999732971191,44.7400016784668,1248.0
2017-06-29,1137.699951171875,112.35399627685547,6.800000190734863,13296.0,11.4399995803833,44.93000030517578,1244.199951171875
2017-06-30,1146.1400146484375,112.00900268554688,6.785699844360352,13278.0,11.180000305175781,46.040000915527344,1240.699951171875
2017-07-03,1144.81005859375,112.26200103759766,6.77810001373291,13298.0,11.220000267028809,47.06999969482422,1217.9000244140625
2017-07-04,1149.5799560546875,113.38600158691406,6.799799919128418,13364.0,11.220000267028809,47.06999969482422,1217.9000244140625
2017-07-05,1149.199951171875,112.96199798583984,6.798699855804443,13351.0,11.069999694824219,45.130001068115234,1220.4000244140625
2017-07-06,1152.8499755859375,113.18699645996094,6.80079984664917,13363.0,12.539999961853027,45.52000045776367,1222.199951171875
2017-07-07,1156.3699951171875,113.14900207519531,6.799900054931641,13383.0,11.1899995803833,44.22999954223633,1208.5999755859375
2017-07-10,1153.81005859375,113.98500061035156,6.8028998374938965,13408.0,11.109999656677246,44.400001525878906,1212.0999755859375
2017-07-11,1153.81005859375,113.98500061035156,6.8028998374938965,13408.0,10.890000343322754,45.040000915527344,1213.5999755859375
2017-07-12,1147.969970703125,113.74800109863281,6.801700115203857,13349.0,10.300000190734863,45.4900016784668,1218.0999755859375
2017-07-13,1137.1199951171875,113.33499908447266,6.788000106811523,13363.0,9.899999618530273,46.08000183105469,1216.300048828125
2017-07-14,1136.6300048828125,113.41799926757812,6.782599925994873,13341.0,9.510000228881836,46.540000915527344,1226.5999755859375
2017-07-17,1127.510009765625,112.39700317382812,6.740499973297119,13332.0,9.819999694824219,46.02000045776367,1232.800048828125
2017-07-18,1127.6600341796875,112.58100128173828,6.769499778747559,13321.0,9.890000343322754,46.400001525878906,1241.0999755859375
2017-07-19,1124.27001953125,111.99500274658203,6.7453999519348145,13302.0,9.789999961853027,47.119998931884766,1241.199951171875
2017-07-20,1123.5,111.87699890136719,6.751299858093262,13309.0,9.579999923706055,46.790000915527344,1244.800048828125
2017-07-21,1120.56005859375,111.88500213623047,6.758900165557861,13303.0,9.359999656677246,45.77000045776367,1254.300048828125
2017-07-24,1116.1099853515625,110.94499969482422,6.719699859619141,13265.0,9.430000305175781,46.34000015258789,1253.9000244140625
2017-07-25,1113.9000244140625,111.23200225830078,6.750100135803223,13316.0,9.430000305175781,47.88999938964844,1251.699951171875
2017-07-26,1119.239990234375,112.00299835205078,6.749800205230713,13328.0,9.600000381469727,48.75,1249.0
2017-07-27,1111.8499755859375,111.12799835205078,6.754000186920166,13329.0,10.109999656677246,49.040000915527344,1259.5999755859375
2017-07-28,1115.510009765625,111.09700012207031,6.739999771118164,13311.0,10.289999961853027,49.709999084472656,1268.4000244140625
2017-07-31,1124.050048828125,110.51000213623047,6.738900184631348,13320.0,10.260000228881836,50.16999816894531,1266.5999755859375
2017-08-01,1118.72998046875,110.35900115966797,6.725500106811523,13318.0,10.09000015258789,49.15999984741211,1272.5999755859375
2017-08-02,1120.3699951171875,110.43199920654297,6.713699817657471,13317.0,10.279999732971191,49.59000015258789,1271.800048828125
2017-08-03,1122.0999755859375,110.75700378417969,6.721700191497803,13317.0,10.4399995803833,49.029998779296875,1267.800048828125
2017-08-04,1127.25,109.9000015258789,6.71560001373291,13319.0,10.029999732971191,49.58000183105469,1258.300048828125
2017-08-07,1127.199951171875,110.78600311279297,6.765699863433838,13309.0,9.930000305175781,49.38999938964844,1258.199951171875
2017-08-08,1125.3499755859375,110.75,6.721499919891357,13315.0,10.960000038146973,49.16999816894531,1256.4000244140625
2017-08-09,1126.0699462890625,110.10199737548828,6.709799766540527,13306.0,11.109999656677246,49.560001373291016,1273.0
2017-08-10,1138.22998046875,110.04900360107422,6.671800136566162,13326.0,16.040000915527344,48.59000015258789,1283.699951171875
2017-08-11,1143.52001953125,109.10600280761719,6.6458001136779785,13327.0,15.510000228881836,48.81999969482422,1287.699951171875
2017-08-14,1141.4599609375,109.2300033569336,6.6620001792907715,13351.0,12.329999923706055,47.59000015258789,1284.199951171875
2017-08-15,1138.9200439453125,109.93199920654297,6.668700218200684,13342.0,12.039999961853027,47.54999923706055,1273.699951171875
2017-08-16,1135.1800537109375,110.59600067138672,6.6844000816345215,13354.0,11.739999771118164,46.779998779296875,1276.9000244140625
2017-08-17,1134.800048828125,109.9990005493164,6.689700126647949,13350.0,15.550000190734863,47.09000015258789,1286.4000244140625
2017-08-18,1140.47998046875,109.3280029296875,6.677700042724609,13372.0,14.260000228881836,48.5099983215332,1285.699951171875
2017-08-21,1139.06005859375,109.31999969482422,6.668700218200684,13355.0,13.1899995803833,47.369998931884766,1290.800048828125
2017-08-22,1137.9300537109375,108.94400024414062,6.665900230407715,13344.0,11.350000381469727,47.63999938964844,1285.0999755859375
2017-08-23,1131.1600341796875,109.73100280761719,6.6616997718811035,13325.0,12.25,48.40999984741211,1288.9000244140625
2017-08-24,1125.449951171875,108.91000366210938,6.658299922943115,13351.0,12.229999542236328,47.43000030517578,1286.5
2017-08-25,1127.280029296875,109.51399993896484,6.661300182342529,13333.0,11.279999732971191,47.869998931884766,1292.5
2017-08-28,1120.800048828125,109.34600067138672,6.582900047302246,13339.0,11.319999694824219,46.56999969482422,1309.699951171875
2017-08-29,1118.010009765625,108.73699951171875,6.607399940490723,13303.0,11.699999809265137,46.439998626708984,1313.0999755859375
2017-08-30,1124.1400146484375,109.79000091552734,6.595399856567383,13333.0,11.220000267028809,45.959999084472656,1308.0999755859375
2017-08-31,1123.3299560546875,110.45999908447266,6.595699787139893,13334.0,10.59000015258789,47.22999954223633,1316.199951171875
2017-09-01,1123.5400390625,110.12899780273438,6.589799880981445,13321.0,10.130000114440918,47.290000915527344,1324.5
2017-09-04,1118.949951171875,109.79499816894531,6.546500205993652,13331.0,10.130000114440918,47.290000915527344,1324.5
2017-09-05,1132.1300048828125,109.80999755859375,6.529900074005127,13353.0,12.229999542236328,48.65999984741211,1339.199951171875
2017-09-06,1131.6500244140625,108.60199737548828,6.537399768829346,13333.0,11.630000114440918,49.15999984741211,1333.9000244140625
2017-09-07,1131.52001953125,109.13400268554688,6.521200180053711,13339.0,11.550000190734863,49.09000015258789,1345.0999755859375
2017-09-08,1127.030029296875,108.2699966430664,6.484600067138672,13289.0,12.119999885559082,47.47999954223633,1346.0
2017-09-11,1132.8699951171875,108.23100280761719,6.530900001525879,13197.0,10.729999542236328,48.06999969482422,1331.0
2017-09-12,1129.4300537109375,109.3949966430664,6.530399799346924,13176.0,10.579999923706055,48.22999954223633,1328.0
2017-09-13,1127.5999755859375,110.22599792480469,6.534999847412109,13208.0,10.5,49.29999923706055,1323.4000244140625
2017-09-14,1130.1300048828125,110.51499938964844,6.542200088500977,13242.0,10.4399995803833,49.88999938964844,1324.699951171875
2017-09-15,1133.1800537109375,109.91899871826172,6.554800033569336,13262.0,10.170000076293945,49.88999938964844,1320.4000244140625
2017-09-18,1133.300048828125,111.1969985961914,6.5507001876831055,13252.0,10.149999618530273,49.90999984741211,1306.300048828125
2017-09-19,1128.8199462890625,111.49600219726562,6.5731000900268555,13268.0,10.180000305175781,49.47999954223633,1306.199951171875
2017-09-20,1130.3599853515625,111.5780029296875,6.5833001136779785,13256.0,9.779999732971191,50.40999984741211,1312.0
2017-09-21,1131.1800537109375,112.5459976196289,6.574900150299072,13273.0,9.670000076293945,50.54999923706055,1290.5999755859375
2017-09-22,1130.3499755859375,112.4520034790039,6.590000152587891,13273.0,9.59000015258789,50.65999984741211,1293.300048828125
2017-09-25,1132.1099853515625,112.44400024414062,6.604599952697754,13306.0,10.210000038146973,52.220001220703125,1306.800048828125
2017-09-26,1133.8199462890625,111.76100158691406,6.620500087738037,13319.0,10.170000076293945,51.880001068115234,1297.0
2017-09-27,1136.719970703125,112.37699890136719,6.639599800109863,13375.0,9.869999885559082,52.13999938964844,1283.4000244140625
2017-09-28,1145.280029296875,112.86000061035156,6.640500068664551,13433.0,9.550000190734863,51.560001373291016,1285.5
2017-09-29,1145.93994140625,112.46700286865234,6.664999961853027,13508.0,9.510000228881836,51.66999816894531,1281.5
2017-10-02,1144.6600341796875,112.63800048828125,6.657800197601318,13465.0,9.449999809265137,50.58000183105469,1272.699951171875
2017-10-03,1142.300048828125,112.7699966430664,6.651700019836426,13531.0,9.510000228881836,50.41999816894531,1271.5
2017-10-04,1141.969970703125,112.8479995727539,6.651100158691406,13536.0,9.630000114440918,49.97999954223633,1273.699951171875
2017-10-05,1142.300048828125,112.822998046875,6.653800010681152,13470.0,9.1899995803833,50.790000915527344,1269.9000244140625
2017-10-06,1141.97998046875,112.77400207519531,6.653900146484375,13451.0,9.649999618530273,49.290000915527344,1271.5999755859375
2017-10-09,1143.699951171875,112.5510025024414,6.650000095367432,13497.0,10.329999923706055,49.58000183105469,1281.800048828125
2017-10-10,1142.8199462890625,112.65799713134766,6.62529993057251,13510.0,10.079999923706055,50.91999816894531,1290.5999755859375
2017-10-11,1133.8599853515625,112.34500122070312,6.571400165557861,13510.0,9.850000381469727,51.29999923706055,1285.800048828125
2017-10-12,1131.489990234375,112.43399810791016,6.5894999504089355,13510.0,9.90999984741211,50.599998474121094,1293.300048828125
2017-10-13,1132.06005859375,112.23899841308594,6.5879998207092285,13498.0,9.609999656677246,51.45000076293945,1301.5
2017-10-16,1126.300048828125,111.88200378417969,6.5833001136779785,13492.0,9.90999984741211,51.869998931884766,1299.9000244140625
2017-10-17,1127.0799560546875,112.19499969482422,6.588500022888184,13476.0,10.3100004196167,51.880001068115234,1283.0
2017-10-18,1129.93994140625,112.21299743652344,6.622000217437744,13495.0,10.069999694824219,52.040000915527344,1279.9000244140625
2017-10-19,1131.4000244140625,113.01300048828125,6.627799987792969,13510.0,10.050000190734863,51.290000915527344,1286.9000244140625
2017-10-20,1127.8900146484375,112.68000030517578,6.614099979400635,13490.0,9.970000267028809,51.470001220703125,1277.4000244140625
2017-10-23,1133.760009765625,114.0479965209961,6.638800144195557,13516.0,11.069999694824219,51.900001525878906,1277.699951171875
2017-10-24,1129.02001953125,113.33999633789062,6.638299942016602,13535.0,11.15999984741211,52.470001220703125,1275.0
2017-10-25,1129.72998046875,113.94599914550781,6.636000156402588,13525.0,11.229999542236328,52.18000030517578,1275.4000244140625
2017-10-26,1126.469970703125,113.55799865722656,6.637599945068359,13572.0,11.300000190734863,52.63999938964844,1266.300048828125
2017-10-27,1128.489990234375,114.1240005493164,6.64109992980957,13643.0,9.800000190734863,53.900001525878906,1268.5
2017-10-30,1125.4599609375,113.73899841308594,6.658999919891357,13588.0,10.5,54.150001525878906,1274.0999755859375
2017-10-31,1123.449951171875,112.99600219726562,6.642399787902832,13574.0,10.180000305175781,54.380001068115234,1267.0
2017-11-01,1117.72998046875,113.6500015258789,6.635799884796143,13554.0,10.199999809265137,54.29999923706055,1274.0999755859375
2017-11-02,1109.949951171875,114.1520004272461,6.599400043487549,13553.0,9.930000305175781,54.540000915527344,1274.9000244140625
2017-11-03,1111.7099609375,114.01599884033203,6.608099937438965,13543.0,9.140000343322754,55.63999938964844,1266.5
2017-11-06,1114.800048828125,114.1780014038086,6.638000011444092,13480.0,9.399999618530273,57.349998474121094,1279.4000244140625
2017-11-07,1113.75,113.77100372314453,6.633500099182129,13483.0,9.890000343322754,57.20000076293945,1273.699951171875
2017-11-08,1112.52001953125,113.76100158691406,6.639800071716309,13514.0,9.779999732971191,56.810001373291016,1281.5999755859375
2017-11-09,1113.1099853515625,113.927001953125,6.6265997886657715,13503.0,10.5,57.16999816894531,1285.5999755859375
2017-11-10,1116.8499755859375,113.375,6.630300045013428,13527.0,11.289999961853027,56.7400016784668,1272.4000244140625
2017-11-13,1118.31005859375,113.68599700927734,6.6392998695373535,13512.0,11.5,56.7599983215332,1277.300048828125
2017-11-14,1119.4599609375,113.58499908447266,6.638599872589111,13553.0,11.59000015258789,55.70000076293945,1281.5
2017-11-15,1115.77001953125,113.4020004272461,6.6356000900268555,13545.0,13.130000114440918,55.33000183105469,1276.5
2017-11-16,1115.77001953125,113.4020004272461,6.6356000900268555,13545.0,11.760000228881836,55.13999938964844,1277.4000244140625
2017-11-17,1096.3900146484375,113.02799987792969,6.627699851989746,13514.0,11.430000305175781,56.54999923706055,1295.800048828125
2017-11-20,1092.56005859375,112.03800201416016,6.661900043487549,13508.0,10.649999618530273,56.09000015258789,1274.5999755859375
2017-11-21,1096.0,112.5510025024414,6.633500099182129,13525.0,9.729999542236328,56.83000183105469,1281.0999755859375
2017-11-22,1091.260009765625,112.34100341796875,6.629199981689453,13519.0,9.880000114440918,58.02000045776367,1291.5999755859375
2017-11-23,1085.31005859375,111.31300354003906,6.610899925231934,13491.0,9.880000114440918,58.02000045776367,1291.5999755859375
2017-11-24,1082.5899658203125,111.25399780273438,6.5833001136779785,13489.0,9.670000076293945,58.95000076293945,1286.699951171875
2017-11-27,1084.949951171875,111.6709976196289,6.601200103759766,13498.0,9.869999885559082,58.11000061035156,1293.800048828125
2017-11-28,1090.06005859375,111.16999816894531,6.595300197601318,13511.0,10.029999732971191,57.9900016784668,1294.699951171875
2017-11-29,1083.449951171875,111.64800262451172,6.609399795532227,13500.0,10.699999809265137,57.29999923706055,1282.0999755859375
2017-11-30,1080.6600341796875,112.00199890136719,6.60830020904541,13504.0,11.279999732971191,57.400001525878906,1273.199951171875
2017-12-01,1087.22998046875,112.55599975585938,6.612100124359131,13541.0,11.430000305175781,58.36000061035156,1278.800048828125
2017-12-04,1082.510009765625,112.86399841308594,6.6346001625061035,13560.0,11.680000305175781,57.470001220703125,1274.300048828125
2017-12-05,1085.22998046875,112.4990005493164,6.618899822235107,13494.0,11.329999923706055,57.619998931884766,1261.5999755859375
2017-12-06,1085.22998046875,112.46399688720703,6.616799831390381,13513.0,11.020000457763672,55.959999084472656,1262.800048828125
2017-12-07,1092.5699462890625,112.29100036621094,6.6143999099731445,13534.0,10.15999984741211,56.689998626708984,1249.800048828125
2017-12-08,1092.43994140625,113.1729965209961,6.618000030517578,13553.0,9.579999923706055,57.36000061035156,1245.199951171875
2017-12-11,1091.8199462890625,113.54299926757812,6.618299961090088,13507.0,9.34000015258789,57.9900016784668,1243.699951171875
2017-12-12,1087.8299560546875,113.54000091552734,6.617099761962891,13552.0,9.920000076293945,57.13999938964844,1238.5
2017-12-13,1091.260009765625,113.54499816894531,6.6203999519348145,13551.0,10.180000305175781,56.599998474121094,1245.4000244140625
2017-12-14,1084.1800537109375,112.78199768066406,6.61870002746582,13540.0,10.489999771118164,57.040000915527344,1253.800048828125
2017-12-15,1087.8199462890625,112.39600372314453,6.60860013961792,13554.0,9.420000076293945,57.29999923706055,1254.300048828125
2017-12-18,1089.030029296875,112.71600341796875,6.6149001121521,13568.0,9.529999732971191,57.15999984741211,1262.199951171875
2017-12-19,1085.3800048828125,112.56800079345703,6.614200115203857,13580.0,10.029999732971191,57.459999084472656,1260.699951171875
2017-12-20,1084.199951171875,112.98300170898438,6.605000019073486,13575.0,9.720000267028809,58.09000015258789,1266.0999755859375
2017-12-21,1079.9599609375,113.24099731445312,6.579699993133545,13573.0,9.619999885559082,58.36000061035156,1267.300048828125
2017-12-22,1080.2099609375,113.322998046875,6.585400104522705,13562.0,9.899999618530273,58.470001220703125,1275.4000244140625
2017-12-25,1077.1099853515625,113.30799865722656,6.57859992980957,13551.0,9.899999618530273,58.470001220703125,1275.4000244140625
2017-12-26,1076.3599853515625,113.3030014038086,6.53879976272583,13532.0,10.25,59.970001220703125,1284.0999755859375
2017-12-27,1075.0400390625,113.2030029296875,6.543099880218506,13552.0,10.470000267028809,59.63999938964844,1287.0
2017-12-28,1073.550048828125,113.21700286865234,6.554699897766113,13558.0,10.180000305175781,59.84000015258789,1294.0999755859375
2017-12-29,1069.489990234375,112.875,6.531599998474121,13558.0,11.039999961853027,60.41999816894531,1306.300048828125
2018-01-01,1066.0699462890625,112.66600036621094,6.50570011138916,13542.0,11.039999961853027,60.41999816894531,1306.300048828125
2018-01-02,1065.219970703125,112.7699966430664,6.505799770355225,13550.0,9.770000457763672,60.369998931884766,1313.699951171875
2018-01-03,1062.5400390625,112.24400329589844,6.49399995803833,13496.0,9.149999618530273,61.630001068115234,1316.199951171875
2018-01-04,1063.93994140625,112.60700225830078,6.5030999183654785,13468.0,9.220000267028809,62.0099983215332,1319.4000244140625
2018-01-05,1061.0799560546875,112.78299713134766,6.493299961090088,13415.0,9.220000267028809,61.439998626708984,1320.300048828125
2018-01-08,1060.5,113.15399932861328,6.487500190734863,13427.0,9.520000457763672,61.72999954223633,1318.5999755859375
2018-01-09,1067.68994140625,113.14099884033203,6.497600078582764,13427.0,10.079999923706055,62.959999084472656,1311.699951171875
2018-01-10,1071.739990234375,112.75499725341797,6.529399871826172,13430.0,9.819999694824219,63.56999969482422,1317.4000244140625
2018-01-11,1069.6700439453125,111.44400024414062,6.507199764251709,13441.0,9.880000114440918,63.79999923706055,1320.5999755859375
2018-01-12,1065.1400146484375,111.29399871826172,6.490200042724609,13393.0,10.15999984741211,64.30000305175781,1333.4000244140625
2018-01-15,1055.800048828125,111.0999984741211,6.456200122833252,13295.0,10.15999984741211,64.30000305175781,1333.4000244140625
2018-01-16,1061.8199462890625,110.58100128173828,6.435200214385986,13305.0,11.65999984741211,63.72999954223633,1335.4000244140625
2018-01-17,1062.4599609375,110.38800048828125,6.442299842834473,13306.0,11.90999984741211,63.970001220703125,1338.0
2018-01-18,1066.56005859375,111.3759994506836,6.43209981918335,13336.0,12.220000267028809,63.95000076293945,1326.0
2018-01-19,1069.68994140625,111.0260009765625,6.420599937438965,13334.0,11.270000457763672,63.369998931884766,1331.9000244140625
2018-01-22,1066.3599853515625,110.68399810791016,6.4029998779296875,13325.0,11.029999732971191,63.4900016784668,1330.9000244140625
2018-01-23,1068.81005859375,110.96600341796875,6.404399871826172,13342.0,11.100000381469727,64.47000122070312,1335.699951171875
2018-01-24,1072.760009765625,110.10700225830078,6.402900218963623,13336.0,11.470000267028809,65.61000061035156,1355.9000244140625
2018-01-25,1064.4000244140625,109.32599639892578,6.36929988861084,13298.0,11.579999923706055,65.51000213623047,1362.4000244140625
2018-01-26,1064.8900146484375,109.7040023803711,6.322800159454346,13299.0,11.079999923706055,66.13999938964844,1351.5999755859375
2018-01-29,1063.1300048828125,108.63899993896484,6.315899848937988,13296.0,13.84000015258789,65.55999755859375,1351.5999755859375
2018-01-30,1069.7900390625,108.9260025024414,6.336299896240234,13367.0,14.789999961853027,64.5,1335.4000244140625
2018-01-31,1072.5400390625,108.73200225830078,6.321100234985352,13421.0,13.539999961853027,64.7300033569336,1339.0
2018-02-01,1069.02001953125,109.20099639892578,6.2881999015808105,13383.0,13.470000267028809,65.80000305175781,1344.300048828125
2018-02-02,1071.1800537109375,109.40599822998047,6.298399925231934,13386.0,17.309999465942383,65.44999694824219,1333.699951171875
2018-02-05,1090.010009765625,110.03500366210938,6.307600021362305,13411.0,37.31999969482422,64.1500015258789,1333.0
2018-02-06,1093.300048828125,109.09500122070312,6.289700031280518,13564.0,29.979999542236328,63.38999938964844,1326.0999755859375
2018-02-07,1079.260009765625,109.62699890136719,6.28249979019165,13544.0,27.729999542236328,61.790000915527344,1311.5999755859375
2018-02-08,1089.4200439453125,109.19599914550781,6.267600059509277,13641.0,33.459999084472656,61.150001525878906,1316.9000244140625
2018-02-09,1095.8599853515625,108.52899932861328,6.326300144195557,13598.0,29.059999465942383,59.20000076293945,1313.0999755859375
2018-02-12,1083.1700439453125,108.80000305175781,6.286900043487549,13610.0,25.610000610351562,59.290000915527344,1324.199951171875
2018-02-13,1082.6099853515625,108.69000244140625,6.326499938964844,13643.0,24.969999313354492,59.189998626708984,1328.0999755859375
2018-02-14,1083.77001953125,107.76399993896484,6.340000152587891,13640.0,19.260000228881836,60.599998474121094,1355.5
2018-02-15,1070.010009765625,106.58699798583984,6.3460001945495605,13622.0,19.1299991607666,61.34000015258789,1352.0999755859375
2018-02-16,1063.0699462890625,106.11100006103516,6.3471999168396,13552.0,19.459999084472656,61.68000030517578,1353.199951171875
2018-02-19,1065.6300048828125,106.26100158691406,6.340099811553955,13552.0,19.459999084472656,61.68000030517578,1353.199951171875
2018-02-20,1066.7099609375,106.70899963378906,6.348400115966797,13554.0,20.600000381469727,61.900001525878906,1328.800048828125
2018-02-21,1072.5400390625,107.38099670410156,6.346199989318848,13608.0,20.020000457763672,61.68000030517578,1330.0
2018-02-22,1074.8599853515625,107.55500030517578,6.34660005569458,13612.0,18.719999313354492,62.77000045776367,1330.5999755859375
2018-02-23,1080.0799560546875,106.81400299072266,6.350200176239014,13676.0,16.489999771118164,63.54999923706055,1328.199951171875
2018-02-26,1075.0,107.0739974975586,6.327300071716309,13652.0,15.800000190734863,63.90999984741211,1330.699951171875
2018-02-27,1069.699951171875,107.06900024414062,6.3140997886657715,13651.0,18.59000015258789,63.0099983215332,1315.5
2018-02-28,1079.3900146484375,107.4260025024414,6.316699981689453,13694.0,19.850000381469727,61.63999938964844,1315.5
2018-03-01,1085.3499755859375,106.63999938964844,6.330900192260742,13756.0,22.469999313354492,60.9900016784668,1302.9000244140625
2018-03-02,1081.949951171875,106.16300201416016,6.357399940490723,13741.0,19.59000015258789,61.25,1321.0999755859375
2018-03-05,1079.2099609375,105.55599975585938,6.350299835205078,13751.0,18.729999542236328,62.56999969482422,1318.0999755859375
2018-03-06,1076.6600341796875,106.25,6.348899841308594,13737.0,18.360000610351562,62.599998474121094,1333.5999755859375
2018-03-07,1063.1600341796875,105.53700256347656,6.3094000816345215,13759.0,17.760000228881836,61.150001525878906,1326.0
2018-03-08,1066.1500244140625,106.18599700927734,6.324999809265137,13745.0,16.540000915527344,60.119998931884766,1319.9000244140625
2018-03-09,1073.4599609375,106.40599822998047,6.341599941253662,13786.0,14.640000343322754,62.040000915527344,1322.4000244140625
2018-03-12,1064.050048828125,106.89099884033203,6.328499794006348,13772.0,15.779999732971191,61.36000061035156,1319.4000244140625
2018-03-13,1063.8599853515625,106.26000213623047,6.329100131988525,13755.0,16.350000381469727,60.709999084472656,1325.9000244140625
2018-03-14,1066.4000244140625,106.50800323486328,6.320400238037109,13740.0,17.229999542236328,60.959999084472656,1324.4000244140625
2018-03-15,1062.550048828125,106.15499877929688,6.315999984741211,13725.0,16.59000015258789,61.189998626708984,1316.800048828125
2018-03-16,1068.75,106.30899810791016,6.320899963378906,13758.0,15.800000190734863,62.34000015258789,1311.300048828125
2018-03-19,1070.2099609375,105.96900177001953,6.338200092315674,13748.0,19.020000457763672,62.060001373291016,1316.800048828125
2018-03-20,1072.1600341796875,105.99600219726562,6.331600189208984,13771.0,18.200000762939453,63.400001525878906,1311.0999755859375
2018-03-21,1070.550048828125,106.46900177001953,6.332900047302246,13743.0,17.860000610351562,65.16999816894531,1320.699951171875
2018-03-22,1063.9599609375,105.92900085449219,6.3206000328063965,13705.0,23.34000015258789,64.30000305175781,1326.5999755859375
2018-03-23,1079.9000244140625,104.96800231933594,6.334700107574463,13754.0,24.8700008392334,65.87999725341797,1349.300048828125
2018-03-26,1082.530029296875,104.85900115966797,6.320000171661377,13762.0,21.030000686645508,65.55000305175781,1354.4000244140625
2018-03-27,1074.300048828125,105.5,6.27239990234375,13718.0,22.5,65.25,1341.300048828125
2018-03-28,1074.1199951171875,105.49299621582031,6.281799793243408,13740.0,22.8700008392334,64.37999725341797,1324.199951171875
2018-03-29,1063.4100341796875,106.81199645996094,6.295599937438965,13756.0,19.969999313354492,64.94000244140625,1322.800048828125
2018-03-30,1062.0,106.47899627685547,6.288899898529053,13757.0,19.969999313354492,64.94000244140625,1322.800048828125
2018-04-02,1060.989990234375,106.31199645996094,6.282199859619141,13768.0,23.6200008392334,63.0099983215332,1342.0999755859375
2018-04-03,1056.1600341796875,105.79900360107422,6.279399871826172,13748.0,21.100000381469727,63.5099983215332,1332.800048828125
2018-04-04,1053.72998046875,106.43599700927734,6.288400173187256,13741.0,20.059999465942383,63.369998931884766,1335.800048828125
2018-04-05,1057.4300537109375,106.77400207519531,6.304200172424316,13751.0,18.940000534057617,63.540000915527344,1324.300048828125
2018-04-06,1061.6400146484375,107.052001953125,6.3024001121521,13760.0,21.489999771118164,62.060001373291016,1331.9000244140625
2018-04-09,1070.4599609375,106.96800231933594,6.308599948883057,13763.0,21.770000457763672,63.41999816894531,1336.300048828125
2018-04-10,1068.77001953125,106.7490005493164,6.3053998947143555,13768.0,20.469999313354492,65.51000213623047,1342.0
2018-04-11,1063.3800048828125,107.11299896240234,6.281599998474121,13742.099609375,20.239999771118164,66.81999969482422,1356.5
2018-04-12,1065.75,106.8290023803711,6.268599987030029,13753.5,18.489999771118164,67.06999969482422,1338.4000244140625
2018-04-13,1069.97998046875,107.22200012207031,6.290999889373779,13767.0,17.40999984741211,67.38999938964844,1344.800048828125
2018-04-16,1070.6600341796875,107.49800109863281,6.274099826812744,13733.0,16.559999465942383,66.22000122070312,1347.5
2018-04-17,1069.52001953125,107.0459976196289,6.275700092315674,13766.0,15.25,66.5199966430664,1347.199951171875
2018-04-18,1066.0899658203125,107.01599884033203,6.2804999351501465,13757.0,15.600000381469727,68.47000122070312,1351.199951171875
2018-04-19,1064.0699462890625,107.34600067138672,6.273399829864502,13769.0,15.960000038146973,68.29000091552734,1346.800048828125
2018-04-20,1066.239990234375,107.43199920654297,6.27810001373291,13800.0,16.8799991607666,68.37999725341797,1336.699951171875
2018-04-23,1071.4100341796875,107.86900329589844,6.295499801635742,13899.0,16.34000015258789,68.63999938964844,1322.5
2018-04-24,1080.1800537109375,108.76100158691406,6.316100120544434,13961.0,18.020000457763672,67.69999694824219,1331.4000244140625
2018-04-25,1076.75,108.8030014038086,6.3059000968933105,13872.0,17.84000015258789,68.05000305175781,1321.199951171875
2018-04-26,1081.1700439453125,109.36399841308594,6.324699878692627,13919.0,16.239999771118164,68.19000244140625,1316.300048828125
2018-04-27,1076.7900390625,109.30000305175781,6.335400104522705,13879.0,15.40999984741211,68.0999984741211,1320.300048828125
2018-04-30,1067.5999755859375,109.0979995727539,6.336999893188477,13870.0,15.930000305175781,68.56999969482422,1316.199951171875
2018-05-01,1069.449951171875,109.322998046875,6.332099914550781,13901.0,15.489999771118164,67.25,1303.800048828125
2018-05-02,1072.52001953125,109.87200164794922,6.332300186157227,13982.2998046875,15.970000267028809,67.93000030517578,1302.5999755859375
2018-05-03,1078.81005859375,109.8270034790039,6.361499786376953,14002.2998046875,15.899999618530273,68.43000030517578,1310.699951171875
2018-05-04,1074.1199951171875,109.09600067138672,6.352700233459473,13931.0,14.770000457763672,69.72000122070312,1312.699951171875
2018-05-07,1073.3299560546875,109.14600372314453,6.361700057983398,13933.0,14.75,70.7300033569336,1312.199951171875
2018-05-08,1078.3900146484375,108.94300079345703,6.366099834442139,14268.5,14.710000038146973,69.05999755859375,1312.0
2018-05-09,1077.56005859375,109.02400207519531,6.369699954986572,14264.099609375,13.420000076293945,71.13999938964844,1311.300048828125
2018-05-10,1077.97998046875,109.84700012207031,6.361400127410889,14073.0,13.229999542236328,71.36000061035156,1320.800048828125
2018-05-11,1064.3699951171875,109.43599700927734,6.348199844360352,14073.0,12.649999618530273,70.69999694824219,1319.0
2018-05-14,1065.949951171875,109.33799743652344,6.333099842071533,13943.0,12.930000305175781,70.95999908447266,1316.5
2018-05-15,1069.1600341796875,109.73100280761719,6.3383002281188965,13963.0,14.630000114440918,71.30999755859375,1288.9000244140625
2018-05-16,1078.8599853515625,110.2969970703125,6.376800060272217,14030.0,13.420000076293945,71.48999786376953,1290.199951171875
2018-05-17,1076.489990234375,110.35900115966797,6.370500087738037,14149.2001953125,13.430000305175781,71.48999786376953,1288.199951171875
2018-05-18,1080.9100341796875,110.8280029296875,6.366199970245361,14153.5,13.420000076293945,71.27999877929688,1290.199951171875
2018-05-21,1080.510009765625,110.87999725341797,6.382800102233887,14163.0,13.079999923706055,72.23999786376953,1290.199951171875
2018-05-22,1076.510009765625,110.97799682617188,6.381100177764893,14220.0,13.220000267028809,72.12999725341797,1291.699951171875
2018-05-23,1074.199951171875,110.72599792480469,6.364200115203857,14200.7998046875,12.579999923706055,71.83999633789062,1289.300048828125
2018-05-24,1074.7900390625,109.86900329589844,6.388800144195557,14169.0,12.529999732971191,70.70999908447266,1303.699951171875
2018-05-25,1079.22998046875,109.31199645996094,6.376399993896484,14124.0,13.220000267028809,67.87999725341797,1303.300048828125
2018-05-28,1073.6500244140625,109.62300109863281,6.368599891662598,14078.0,13.220000267028809,67.87999725341797,1303.300048828125
2018-05-29,1073.1700439453125,109.38899993896484,6.3983001708984375,14010.0,17.020000457763672,66.7300033569336,1298.699951171875
2018-05-30,1083.9300537109375,108.39399719238281,6.416600227355957,14029.0,14.9399995803833,68.20999908447266,1301.5
2018-05-31,1075.030029296875,108.71199798583984,6.418000221252441,13977.0,15.430000305175781,67.04000091552734,1300.0999755859375
2018-06-01,1079.949951171875,108.7490005493164,6.409299850463867,13880.0,13.460000038146973,65.80999755859375,1294.800048828125
2018-06-04,1070.3599853515625,109.5979995727539,6.419400215148926,13938.0,12.739999771118164,64.75,1293.0999755859375
2018-06-05,1070.530029296875,109.96299743652344,6.4070000648498535,13860.0,12.399999618530273,65.5199966430664,1297.5
2018-06-06,1070.2900390625,109.85900115966797,6.40500020980835,13870.0,11.640000343322754,64.7300033569336,1297.0999755859375
2018-06-07,1065.1500244140625,110.125,6.387899875640869,13822.0,12.130000114440918,65.94999694824219,1298.699951171875
2018-06-08,1071.3299560546875,109.69400024414062,6.392099857330322,13863.0,12.180000305175781,65.73999786376953,1298.0999755859375
2018-06-11,1072.6500244140625,109.44300079345703,6.405700206756592,13866.0,12.350000381469727,66.0999984741211,1298.9000244140625
2018-06-12,1076.3800048828125,110.38600158691406,6.391600131988525,13923.0,12.34000015258789,66.36000061035156,1295.0999755859375
2018-06-13,1079.25,110.4520034790039,6.4004998207092285,13923.0,12.9399995803833,66.63999938964844,1296.9000244140625
2018-06-14,1084.699951171875,110.24199676513672,6.397299766540527,13923.0,12.119999885559082,66.88999938964844,1304.0
2018-06-15,1090.77001953125,110.6449966430664,6.4045000076293945,14121.400390625,11.979999542236328,65.05999755859375,1274.5999755859375
2018-06-18,1103.8199462890625,110.61699676513672,6.433000087738037,13923.0,12.3100004196167,65.8499984741211,1276.199951171875
2018-06-19,1104.1600341796875,110.13800048828125,6.438799858093262,13923.0,13.350000381469727,65.06999969482422,1275.5999755859375
2018-06-20,1111.1199951171875,110.07099914550781,6.485499858856201,13923.0,12.789999961853027,66.22000122070312,1271.199951171875
2018-06-21,1107.719970703125,110.35199737548828,6.47160005569458,13923.0,14.640000343322754,65.54000091552734,1267.199951171875
2018-06-22,1109.6300048828125,109.9520034790039,6.492099761962891,14088.0,13.770000457763672,68.58000183105469,1267.4000244140625
2018-06-25,1110.530029296875,109.93699645996094,6.504300117492676,14073.0,17.329999923706055,68.08000183105469,1265.5999755859375
2018-06-26,1114.030029296875,109.64299774169922,6.539000034332275,14148.0,15.920000076293945,70.52999877929688,1256.5999755859375
2018-06-27,1117.5999755859375,110.09700012207031,6.5782999992370605,14188.0,17.90999984741211,72.76000213623047,1252.800048828125
2018-06-28,1122.780029296875,110.21499633789062,6.601900100708008,14235.0,16.850000381469727,73.44999694824219,1247.800048828125
2018-06-29,1120.5400390625,110.48600006103516,6.627399921417236,14350.0,16.09000015258789,74.1500015258789,1251.300048828125
2018-07-02,1114.510009765625,110.70999908447266,6.624300003051758,14317.0,15.600000381469727,73.94000244140625,1239.800048828125
2018-07-03,1118.1700439453125,110.87100219726562,6.6666998863220215,14347.0,16.139999389648438,74.13999938964844,1251.5999755859375
2018-07-04,1113.3399658203125,110.40799713134766,6.640999794006348,14353.0,16.139999389648438,74.13999938964844,1251.5999755859375
2018-07-05,1114.31005859375,110.50199890136719,6.63129997253418,14400.0,14.970000267028809,72.94000244140625,1257.300048828125
2018-07-06,1117.760009765625,110.5790023803711,6.6367998123168945,14378.7998046875,13.369999885559082,73.80000305175781,1254.300048828125
2018-07-09,1113.6500244140625,110.4219970703125,6.639200210571289,14307.0,12.6899995803833,73.8499984741211,1258.0999755859375
2018-07-10,1112.47998046875,110.9530029296875,6.615200042724609,14311.0,12.640000343322754,74.11000061035156,1253.800048828125
2018-07-11,1112.56005859375,110.83100128173828,6.631400108337402,14375.0,13.630000114440918,70.37999725341797,1242.800048828125
2018-07-12,1127.1700439453125,111.95800018310547,6.682799816131592,14378.0,12.579999923706055,70.33000183105469,1245.0
2018-07-13,1122.6500244140625,112.66500091552734,6.665900230407715,14385.0,12.180000305175781,71.01000213623047,1239.5999755859375
2018-07-16,1129.8499755859375,112.39900207519531,6.6946001052856445,14373.0,12.829999923706055,68.05999755859375,1238.0999755859375
2018-07-17,1126.9000244140625,112.3740005493164,6.6915998458862305,14365.5,12.0600004196167,68.08000183105469,1225.699951171875
2018-07-18,1125.550048828125,113.01200103759766,6.7067999839782715,14377.0,12.100000381469727,68.76000213623047,1226.300048828125
2018-07-19,1131.0899658203125,112.79100036621094,6.717700004577637,14441.0,12.869999885559082,69.45999908447266,1222.4000244140625
2018-07-20,1134.47998046875,112.36299896240234,6.771699905395508,14468.0,12.859999656677246,70.45999908447266,1229.5
2018-07-23,1127.1600341796875,111.0530014038086,6.7581000328063965,14473.0,12.619999885559082,67.88999938964844,1224.0
2018-07-24,1132.449951171875,111.45999908447266,6.791999816894531,14567.5,12.40999984741211,68.5199966430664,1223.9000244140625
2018-07-25,1127.97998046875,111.24099731445312,6.790500164031982,14543.2998046875,12.289999961853027,69.30000305175781,1231.4000244140625
2018-07-26,1115.75,110.84500122070312,6.768700122833252,14465.0,12.140000343322754,69.61000061035156,1225.300048828125
2018-07-27,1123.1500244140625,111.14600372314453,6.782800197601318,14525.0,13.029999732971191,68.69000244140625,1222.5999755859375
2018-07-30,1114.5999755859375,110.93399810791016,6.812699794769287,14411.0,14.260000228881836,70.12999725341797,1221.300048828125
2018-07-31,1116.6700439453125,110.99400329589844,6.814899921417236,14403.0,12.829999923706055,68.76000213623047,1223.699951171875
2018-08-01,1112.199951171875,111.80799865722656,6.811699867248535,14409.2001953125,13.149999618530273,67.66000366210938,1217.9000244140625
2018-08-02,1118.5999755859375,111.62000274658203,6.8225998878479,14489.0,12.1899995803833,68.95999908447266,1210.5999755859375
2018-08-03,1128.1500244140625,111.69000244140625,6.832799911499023,14521.0,11.640000343322754,68.48999786376953,1214.199951171875
2018-08-06,1122.9000244140625,111.23400115966797,6.833199977874756,14486.0,11.270000457763672,69.01000213623047,1208.5999755859375
2018-08-07,1125.4000244140625,111.33999633789062,6.854100227355957,14543.2998046875,10.930000305175781,69.16999816894531,1209.5999755859375
2018-08-08,1116.25,111.34500122070312,6.833600044250488,14422.0,10.850000381469727,66.94000244140625,1212.5999755859375
2018-08-09,1115.949951171875,110.89199829101562,6.83519983291626,14398.0,11.270000457763672,66.80999755859375,1211.9000244140625
2018-08-10,1121.8900146484375,111.09100341796875,6.817200183868408,14472.0,13.15999984741211,67.62999725341797,1211.0999755859375
2018-08-13,1130.9000244140625,110.62899780273438,6.846199989318848,14473.0,14.779999732971191,67.19999694824219,1191.300048828125
2018-08-14,1135.969970703125,110.66100311279297,6.889400005340576,14594.0,13.3100004196167,67.04000091552734,1193.0
2018-08-15,1126.75,111.24600219726562,6.884699821472168,14642.0,14.640000343322754,65.01000213623047,1177.5
2018-08-16,1136.3800048828125,110.57599639892578,6.933800220489502,14555.7998046875,13.449999809265137,65.45999908447266,1176.199951171875
2018-08-17,1126.239990234375,111.00399780273438,6.881499767303467,14598.599609375,12.640000343322754,65.91000366210938,1176.5
2018-08-20,1118.5,110.4749984741211,6.8765997886657715,14572.0,12.489999771118164,66.43000030517578,1186.800048828125
2018-08-21,1116.8800048828125,109.947998046875,6.856800079345703,14562.0,12.859999656677246,67.3499984741211,1192.5999755859375
2018-08-22,1116.0999755859375,110.13400268554688,6.8454999923706055,14570.0,12.25,67.86000061035156,1196.300048828125
2018-08-23,1117.5,110.58799743652344,6.843200206756592,14572.0,12.40999984741211,67.83000183105469,1187.0
2018-08-24,1126.1500244140625,111.36699676513672,6.877500057220459,14664.0,11.989999771118164,68.72000122070312,1206.300048828125
2018-08-27,1111.1700439453125,111.28199768066406,6.800600051879883,14559.0,12.15999984741211,68.87000274658203,1209.0
2018-08-28,1108.22998046875,111.13700103759766,6.813300132751465,14551.0,12.5,68.52999877929688,1207.4000244140625
2018-08-29,1106.8800048828125,111.16200256347656,6.804200172424316,14653.0,12.25,69.51000213623047,1204.5
2018-08-30,1108.449951171875,111.71199798583984,6.818699836730957,14618.0,13.529999732971191,70.25,1197.699951171875
2018-08-31,1115.449951171875,110.9990005493164,6.843100070953369,14751.0,12.859999656677246,69.80000305175781,1200.300048828125
2018-09-03,1114.81005859375,111.14399719238281,6.83459997177124,14723.0,12.859999656677246,69.80000305175781,1200.300048828125
2018-09-04,1113.5,111.08799743652344,6.8221001625061035,14832.0,13.15999984741211,69.87000274658203,1192.699951171875
2018-09-05,1121.300048828125,111.46099853515625,6.84250020980835,14930.0,13.90999984741211,68.72000122070312,1194.9000244140625
2018-09-06,1118.0999755859375,111.4489974975586,6.829999923706055,14979.900390625,14.649999618530273,67.7699966430664,1197.9000244140625
2018-09-07,1124.699951171875,110.49500274658203,6.834400177001953,14893.0,14.880000114440918,67.75,1193.5999755859375
2018-09-10,1126.8499755859375,110.91999816894531,6.839099884033203,14813.0,14.15999984741211,67.54000091552734,1193.0
2018-09-11,1136.77001953125,111.14800262451172,6.855299949645996,14844.5,13.220000267028809,69.25,1195.4000244140625
2018-09-12,1125.300048828125,111.60700225830078,6.8744001388549805,14837.0,13.140000343322754,70.37000274658203,1204.699951171875
2018-09-13,1125.75,111.22000122070312,6.859899997711182,14807.0,12.369999885559082,68.58999633789062,1202.0
2018-09-14,1120.550048828125,112.01200103759766,6.842899799346924,14740.0,12.069999694824219,68.98999786376953,1195.0
2018-09-17,1120.9000244140625,111.9530029296875,6.865600109100342,14807.0,13.680000305175781,68.91000366210938,1199.699951171875
2018-09-18,1125.6199951171875,111.69000244140625,6.855500221252441,14907.099609375,12.789999961853027,69.8499984741211,1196.800048828125
2018-09-19,1120.800048828125,112.2770004272461,6.860199928283691,14867.0,11.75,71.12000274658203,1202.199951171875
2018-09-20,1122.25,112.31700134277344,6.84689998626709,14880.0,11.800000190734863,70.80000305175781,1206.199951171875
2018-09-21,1116.4000244140625,112.49500274658203,6.845900058746338,14832.0,11.680000305175781,70.77999877929688,1196.199951171875
2018-09-24,1114.0999755859375,112.52400207519531,6.8566999435424805,14812.0,12.199999809265137,72.08000183105469,1199.300048828125
2018-09-25,1117.8499755859375,112.78600311279297,6.8734002113342285,14861.0,12.420000076293945,72.27999877929688,1200.0
2018-09-26,1115.8299560546875,112.96900177001953,6.866300106048584,15021.5,12.890000343322754,71.56999969482422,1194.0
2018-09-27,1114.1700439453125,112.7040023803711,6.876100063323975,14985.0,12.40999984741211,72.12000274658203,1182.300048828125
2018-09-28,1112.31005859375,113.35700225830078,6.880300045013428,14918.7998046875,12.119999885559082,73.25,1191.5
2018-10-01,1109.010009765625,113.7959976196289,6.8678998947143555,14902.0,12.0,75.30000305175781,1187.0999755859375
2018-10-02,1112.25,113.94599914550781,6.8678998947143555,15053.2998046875,12.050000190734863,75.2300033569336,1202.4000244140625
2018-10-03,1117.5,113.5770034790039,6.8678998947143555,15038.0,11.609999656677246,76.41000366210938,1198.300048828125
2018-10-04,1125.4200439453125,114.48600006103516,6.867800235748291,15139.2001953125,14.220000267028809,74.33000183105469,1197.199951171875
2018-10-05,1132.9000244140625,113.89399719238281,6.8678998947143555,15408.900390625,14.819999694824219,74.33999633789062,1201.199951171875
2018-10-08,1131.0999755859375,113.71499633789062,6.85890007019043,15173.0,15.6899995803833,74.29000091552734,1184.4000244140625
2018-10-09,1133.199951171875,113.09700012207031,6.929800033569336,15400.0,15.949999809265137,74.95999908447266,1187.199951171875
2018-10-10,1132.4000244140625,112.99800109863281,6.921800136566162,15223.0,22.959999084472656,73.16999816894531,1189.300048828125
2018-10-11,1142.8499755859375,112.09200286865234,6.923299789428711,15196.0,24.979999542236328,70.97000122070312,1223.5
2018-10-12,1134.300048828125,112.08000183105469,6.888599872589111,15299.2001953125,21.309999465942383,71.33999633789062,1218.0999755859375
2018-10-15,1131.18994140625,112.19200134277344,6.921199798583984,15198.0,21.299999237060547,71.77999877929688,1226.4000244140625
2018-10-16,1135.1700439453125,111.84100341796875,6.915900230407715,15193.7998046875,17.6200008392334,71.91999816894531,1227.300048828125
2018-10-17,1122.1500244140625,112.34200286865234,6.910999774932861,15193.0,17.399999618530273,69.75,1223.699951171875
2018-10-18,1127.0999755859375,112.62799835205078,6.926300048828125,15264.2998046875,20.059999465942383,68.6500015258789,1226.5
2018-10-19,1136.5999755859375,112.18499755859375,6.936699867248535,15328.5,19.889999389648438,69.12000274658203,1225.300048828125
2018-10-22,1131.5999755859375,112.4800033569336,6.928599834442139,15181.0,19.639999389648438,69.16999816894531,1221.199951171875
2018-10-23,1131.25,112.75700378417969,6.946499824523926,15264.7001953125,20.709999084472656,66.43000030517578,1233.4000244140625
2018-10-24,1136.6400146484375,112.44400024414062,6.937399864196777,15183.0,25.229999542236328,66.81999969482422,1227.800048828125
2018-10-25,1137.56005859375,112.01200103759766,6.942999839782715,15269.5,24.219999313354492,67.33000183105469,1229.0999755859375
2018-10-26,1135.22998046875,112.3499984741211,6.947999954223633,15257.2998046875,24.15999984741211,67.58999633789062,1232.5
2018-10-29,1139.5,111.90799713134766,6.942500114440918,15210.0,24.700000762939453,67.04000091552734,1224.5
2018-10-30,1142.0799560546875,112.3239974975586,6.951900005340576,15297.7998046875,23.350000381469727,66.18000030517578,1222.5999755859375
2018-10-31,1137.699951171875,113.052001953125,6.966300010681152,15273.099609375,21.229999542236328,65.30999755859375,1212.300048828125
2018-11-01,1140.969970703125,112.85099792480469,6.974699974060059,15196.0,19.34000015258789,63.689998626708984,1236.0
2018-11-02,1129.050048828125,112.71499633789062,6.922399997711182,15068.7001953125,19.510000228881836,63.13999938964844,1230.9000244140625
2018-11-05,1116.0999755859375,113.13899993896484,6.889900207519531,14946.0,19.959999084472656,63.099998474121094,1229.800048828125
2018-11-06,1121.56005859375,113.24600219726562,6.924799919128418,14921.599609375,19.90999984741211,62.209999084472656,1223.800048828125
2018-11-07,1119.949951171875,113.36299896240234,6.918499946594238,14830.0,16.360000610351562,61.66999816894531,1226.199951171875
2018-11-08,1115.3699951171875,113.5469970703125,6.909999847412109,14598.900390625,16.719999313354492,60.66999816894531,1222.9000244140625
2018-11-09,1119.5699462890625,113.9530029296875,6.933499813079834,14720.0,17.360000610351562,60.189998626708984,1206.4000244140625
2018-11-12,1130.949951171875,113.84600067138672,6.955900192260742,14678.0,20.450000762939453,59.93000030517578,1201.300048828125
2018-11-13,1137.4599609375,113.69599914550781,6.962500095367432,14808.0,20.020000457763672,55.689998626708984,1199.199951171875
2018-11-14,1131.1300048828125,113.78900146484375,6.9552001953125,14794.2998046875,21.25,56.25,1207.9000244140625
2018-11-15,1131.199951171875,113.56400299072266,6.94950008392334,14813.2998046875,19.979999542236328,56.459999084472656,1212.800048828125
2018-11-16,1127.0,113.55500030517578,6.938199996948242,14562.2001953125,18.139999389648438,56.459999084472656,1220.800048828125
2018-11-19,1120.4000244140625,112.7300033569336,6.936999797821045,14605.0,20.100000381469727,56.7599983215332,1223.0999755859375
2018-11-20,1126.18994140625,112.44300079345703,6.940999984741211,14652.7001953125,22.479999542236328,53.43000030517578,1219.0
2018-11-21,1128.4000244140625,112.7030029296875,6.944399833679199,14664.2998046875,20.799999237060547,54.630001068115234,1225.800048828125
2018-11-22,1137.31005859375,113.02100372314453,6.926199913024902,14630.0,20.799999237060547,54.630001068115234,1225.800048828125
2018-11-23,1135.5,112.97799682617188,6.931000232696533,14600.0,21.520000457763672,50.41999816894531,1221.0
2018-11-26,1133.5,112.91899871826172,6.947500228881836,14533.0,18.899999618530273,51.630001068115234,1220.199951171875
2018-11-27,1129.030029296875,113.50399780273438,6.930799961090088,14526.900390625,19.020000457763672,51.560001373291016,1211.199951171875
2018-11-28,1130.3699951171875,113.76699829101562,6.9506001472473145,14575.5,18.489999771118164,50.290000915527344,1221.4000244140625
2018-11-29,1121.1199951171875,113.55500030517578,6.952899932861328,14459.7998046875,18.790000915527344,51.45000076293945,1224.0999755859375
2018-11-30,1117.02001953125,113.41100311279297,6.941500186920166,14356.0,18.06999969482422,50.93000030517578,1220.199951171875
2018-12-03,1117.1500244140625,113.76300048828125,6.958000183105469,14296.0,16.440000534057617,52.95000076293945,1233.9000244140625
2018-12-04,1108.300048828125,113.58699798583984,6.882299900054932,14339.0,20.739999771118164,53.25,1241.0999755859375
2018-12-05,1110.6300048828125,112.6989974975586,6.836299896240234,14448.599609375,20.739999771118164,53.25,1241.0999755859375
2018-12-06,1111.6600341796875,113.0510025024414,6.855800151824951,14431.599609375,21.190000534057617,51.4900016784668,1238.0999755859375
2018-12-07,1119.5999755859375,112.68900299072266,6.881700038909912,14528.0,23.229999542236328,52.61000061035156,1246.800048828125
2018-12-10,1122.699951171875,112.50199890136719,6.87470006942749,14463.0,22.639999389648438,51.0,1243.699951171875
2018-12-11,1131.5,113.18099975585938,6.910999774932861,14548.0,21.760000228881836,51.650001525878906,1241.9000244140625
2018-12-12,1127.6199951171875,113.38400268554688,6.89900016784668,14637.400390625,21.459999084472656,51.150001525878906,1244.4000244140625
2018-12-13,1123.8499755859375,113.28500366210938,6.879000186920166,14579.7998046875,20.649999618530273,52.58000183105469,1242.699951171875
2018-12-14,1127.02001953125,113.55999755859375,6.88070011138916,14550.0,21.6299991607666,51.20000076293945,1237.0
2018-12-17,1131.6500244140625,113.38999938964844,6.906599998474121,14578.0,24.520000457763672,49.880001068115234,1247.4000244140625
2018-12-18,1128.1500244140625,112.8290023803711,6.896200180053711,14588.7001953125,25.579999923706055,46.2400016784668,1249.199951171875
2018-12-19,1125.0699462890625,112.52400207519531,6.894199848175049,14490.0,25.579999923706055,47.20000076293945,1252.0999755859375
2018-12-20,1128.1300048828125,112.41000366210938,6.890999794006348,14493.0,28.3799991607666,45.880001068115234,1263.5999755859375
2018-12-21,1120.030029296875,111.1709976196289,6.884099960327148,14534.7998046875,30.110000610351562,45.59000015258789,1253.800048828125
2018-12-24,1127.5,111.05400085449219,6.905399799346924,14548.0,36.06999969482422,42.529998779296875,1267.5
2018-12-25,1123.22998046875,110.31099700927734,6.898099899291992,14548.0,36.06999969482422,42.529998779296875,1267.5
2018-12-26,1122.6300048828125,110.4020004272461,6.8983001708984375,14710.0,30.40999984741211,46.220001220703125,1269.199951171875
2018-12-27,1123.52001953125,111.20600128173828,6.898099899291992,14609.400390625,29.959999084472656,44.61000061035156,1277.300048828125
2018-12-28,1119.5999755859375,110.8550033569336,6.865300178527832,14561.599609375,28.34000015258789,45.33000183105469,1279.9000244140625
2018-12-31,1116.300048828125,110.33000183105469,6.877200126647949,14553.0,25.420000076293945,45.40999984741211,1278.300048828125
2019-01-01,1112.5,109.62999725341797,6.877600193023682,14460.0,25.420000076293945,45.40999984741211,1278.300048828125
2019-01-02,1113.800048828125,109.66799926757812,6.877500057220459,14460.0,23.219999313354492,46.540000915527344,1281.0
2019-01-03,1122.1800537109375,107.44100189208984,6.861100196838379,14409.7001953125,25.450000762939453,47.09000015258789,1291.800048828125
2019-01-04,1124.1199951171875,107.80799865722656,6.871099948883057,14375.400390625,21.3799991607666,47.959999084472656,1282.699951171875
2019-01-07,1114.4000244140625,108.52200317382812,6.8684000968933105,14267.0,21.399999618530273,48.52000045776367,1286.800048828125
2019-01-08,1116.4000244140625,108.61599731445312,6.849999904632568,14083.0,20.469999313354492,49.779998779296875,1283.199951171875
2019-01-09,1121.050048828125,108.7760009765625,6.852200031280518,14138.0,19.979999542236328,52.36000061035156,1289.300048828125
2019-01-10,1118.6700439453125,108.18900299072266,6.8155999183654785,14130.0,19.5,52.59000015258789,1284.699951171875
2019-01-11,1116.550048828125,108.2979965209961,6.787499904632568,14048.0,18.190000534057617,51.59000015258789,1287.0999755859375
2019-01-14,1118.5999755859375,108.45800018310547,6.76200008392334,14038.0,19.06999969482422,50.5099983215332,1289.0999755859375
2019-01-15,1122.0,108.25,6.767099857330322,14117.0,18.600000381469727,52.11000061035156,1286.199951171875
2019-01-16,1122.4000244140625,108.64399719238281,6.750999927520752,14111.0,19.040000915527344,52.310001373291016,1291.5999755859375
2019-01-17,1118.77001953125,109.03700256347656,6.75600004196167,14140.0,18.059999465942383,52.06999969482422,1291.0
2019-01-18,1120.550048828125,109.15299987792969,6.775400161743164,14173.0,17.799999237060547,53.79999923706055,1281.300048828125
2019-01-21,1125.7900390625,109.66100311279297,6.7778000831604,14168.0,17.799999237060547,53.79999923706055,1281.300048828125
2019-01-22,1132.3699951171875,109.66999816894531,6.797299861907959,14307.0,20.799999237060547,52.56999969482422,1282.5
2019-01-23,1130.1500244140625,109.3550033569336,6.807000160217285,14208.0,19.520000457763672,52.619998931884766,1283.0999755859375
2019-01-24,1125.3299560546875,109.49199676513672,6.790999889373779,14130.900390625,18.889999389648438,53.130001068115234,1279.0999755859375
2019-01-25,1126.75,109.59700012207031,6.787600040435791,14189.0,17.420000076293945,53.689998626708984,1297.4000244140625
2019-01-28,1118.010009765625,109.4000015258789,6.746399879455566,14078.0,18.8700008392334,51.9900016784668,1302.4000244140625
2019-01-29,1119.699951171875,109.25399780273438,6.74429988861084,14063.0,19.1299991607666,53.310001373291016,1308.199951171875
2019-01-30,1117.8699951171875,109.41699981689453,6.73199987411499,14074.0,17.65999984741211,54.22999954223633,1309.9000244140625
2019-01-31,1109.0,108.98100280761719,6.7154998779296875,14033.0,16.56999969482422,53.790000915527344,1319.699951171875
2019-02-01,1111.550048828125,108.84400177001953,6.69980001449585,13966.0,16.139999389648438,55.2599983215332,1316.9000244140625
2019-02-04,1118.300048828125,109.43800354003906,6.743800163269043,13933.0,15.729999542236328,54.560001373291016,1314.300048828125
2019-02-05,1121.0999755859375,109.96099853515625,6.743800163269043,13957.5,15.569999694824219,53.65999984741211,1314.199951171875
2019-02-06,1118.699951171875,109.94100189208984,6.734799861907959,13950.5,15.380000114440918,54.0099983215332,1309.5
2019-02-07,1121.6300048828125,109.9739990234375,6.743800163269043,13915.0,16.3700008392334,52.63999938964844,1309.4000244140625
2019-02-08,1123.75,109.75599670410156,6.743800163269043,13966.0,15.720000267028809,52.720001220703125,1313.699951171875
2019-02-11,1122.8800048828125,109.80999755859375,6.743800163269043,13958.0,15.970000267028809,52.40999984741211,1307.0
2019-02-12,1125.02001953125,110.4000015258789,6.791399955749512,14033.0,15.430000305175781,53.099998474121094,1309.199951171875
2019-02-13,1120.300048828125,110.51499938964844,6.7729997634887695,14012.7001953125,15.649999618530273,53.900001525878906,1310.800048828125
2019-02-14,1123.719970703125,110.9229965209961,6.759399890899658,14151.0,16.219999313354492,54.40999984741211,1309.800048828125
2019-02-15,1128.300048828125,110.53800201416016,6.771200180053711,14083.0,14.90999984741211,55.59000015258789,1318.0999755859375
2019-02-18,1125.31005859375,110.56400299072266,6.77209997177124,14136.0,14.90999984741211,55.59000015258789,1318.0999755859375
2019-02-19,1124.280029296875,110.59100341796875,6.765699863433838,14192.5,14.880000114440918,56.09000015258789,1340.0999755859375
2019-02-20,1121.4200439453125,110.5719985961914,6.757699966430664,14096.5,14.020000457763672,56.91999816894531,1343.300048828125
2019-02-21,1121.719970703125,110.76499938964844,6.720300197601318,14033.0,14.460000038146973,56.959999084472656,1323.5
2019-02-22,1124.1500244140625,110.70800018310547,6.719099998474121,14120.0,13.510000228881836,57.2599983215332,1329.199951171875
2019-02-25,1122.31005859375,110.77200317382812,6.713200092315674,14051.0,14.850000381469727,55.47999954223633,1325.9000244140625
2019-02-26,1117.199951171875,111.0459976196289,6.688399791717529,14011.0,15.170000076293945,55.5,1325.0999755859375
2019-02-27,1114.300048828125,110.55599975585938,6.69920015335083,13960.0,14.699999809265137,56.939998626708984,1317.699951171875
2019-02-28,1115.0999755859375,110.86199951171875,6.686200141906738,14015.0,14.779999732971191,57.220001220703125,1312.800048828125
2019-03-01,1124.219970703125,111.35700225830078,6.692999839782715,14194.0,13.569999694824219,55.79999923706055,1296.4000244140625
2019-03-04,1126.81005859375,111.93800354003906,6.705399990081787,14108.0,14.630000114440918,56.59000015258789,1284.800048828125
2019-03-05,1128.1500244140625,111.7770004272461,6.706299781799316,14205.0,14.739999771118164,56.560001373291016,1282.0
2019-03-06,1126.199951171875,111.86599731445312,6.706600189208984,14150.5,15.739999771118164,56.220001220703125,1284.9000244140625
2019-03-07,1127.0,111.62300109863281,6.710899829864502,14214.5,16.59000015258789,56.65999984741211,1283.800048828125
2019-03-08,1133.0699462890625,111.63400268554688,6.714099884033203,14240.7998046875,16.049999237060547,56.06999969482422,1297.0
2019-03-11,1134.06005859375,111.08000183105469,6.720600128173828,14303.0,14.329999923706055,56.790000915527344,1288.800048828125
2019-03-12,1130.77001953125,111.34200286865234,6.725500106811523,14283.0,13.770000457763672,56.869998931884766,1296.300048828125
2019-03-13,1127.27001953125,111.30599975585938,6.707600116729736,14258.0,13.40999984741211,58.2599983215332,1307.5
2019-03-14,1129.5899658203125,111.19599914550781,6.706099987030029,14258.0,13.5,58.61000061035156,1293.4000244140625
2019-03-15,1135.4200439453125,111.75299835205078,6.7220001220703125,14287.0,12.880000114440918,58.52000045776367,1301.800048828125
2019-03-18,1132.72998046875,111.56099700927734,6.712800025939941,14251.0,13.100000381469727,59.09000015258789,1300.300048828125
2019-03-19,1131.199951171875,111.37300109863281,6.703100204467773,14251.0,13.5600004196167,59.029998779296875,1305.0
2019-03-20,1129.719970703125,111.4010009765625,6.710999965667725,14223.0,13.90999984741211,59.83000183105469,1300.5
2019-03-21,1125.0,110.66000366210938,6.693600177764893,14055.0,13.630000114440918,59.97999954223633,1306.0999755859375
2019-03-22,1127.77001953125,110.80599975585938,6.698200225830078,14133.0,16.479999542236328,59.040000915527344,1311.5999755859375
2019-03-25,1135.1400146484375,110.08100128173828,6.717100143432617,14158.0,16.329999923706055,58.81999969482422,1321.9000244140625
2019-03-26,1133.8499755859375,110.06800079345703,6.708399772644043,14173.0,14.680000305175781,59.939998626708984,1314.300048828125
2019-03-27,1133.9300537109375,110.55400085449219,6.714700222015381,14163.0,15.149999618530273,59.40999984741211,1309.9000244140625
2019-03-28,1138.5,110.48999786376953,6.726200103759766,14346.0,14.430000305175781,59.29999923706055,1289.800048828125
2019-03-29,1134.3199462890625,110.63700103759766,6.738100051879883,14235.0,13.710000038146973,60.13999938964844,1293.0
2019-04-01,1136.699951171875,110.99500274658203,6.711100101470947,14233.0,13.399999618530273,61.59000015258789,1288.4000244140625
2019-04-02,1132.6700439453125,111.45099639892578,6.7104997634887695,14240.0,13.359999656677246,62.58000183105469,1290.0
2019-04-03,1136.3900146484375,111.30500030517578,6.722400188446045,14213.0,13.739999771118164,62.459999084472656,1289.9000244140625
2019-04-04,1133.530029296875,111.3949966430664,6.701399803161621,14210.0,13.579999923706055,62.099998474121094,1289.0
2019-04-05,1134.300048828125,111.65799713134766,6.716599941253662,14151.0,12.819999694824219,63.08000183105469,1290.4000244140625
2019-04-08,1136.68994140625,111.71099853515625,6.716899871826172,14112.0,13.180000305175781,64.4000015258789,1297.0999755859375
2019-04-09,1141.1099853515625,111.45600128173828,6.715400218963623,14191.0,14.279999732971191,63.97999954223633,1303.5
2019-04-10,1140.0999755859375,111.1050033569336,6.7108001708984375,14136.0,13.300000190734863,64.61000061035156,1309.0999755859375
2019-04-11,1135.9000244140625,110.98500061035156,6.715400218963623,14177.0,13.020000457763672,63.58000183105469,1288.5999755859375
2019-04-12,1140.989990234375,111.62100219726562,6.718500137329102,14138.0,12.010000228881836,63.88999938964844,1290.5999755859375
2019-04-15,1133.4300537109375,112.02799987792969,6.703199863433838,14086.0,12.319999694824219,63.400001525878906,1286.800048828125
2019-04-16,1133.199951171875,111.94300079345703,6.707699775695801,14155.5,12.180000305175781,64.05000305175781,1272.5999755859375
2019-04-17,1135.699951171875,111.99299621582031,6.71120023727417,14079.0,12.600000381469727,63.7599983215332,1272.199951171875
2019-04-18,1130.199951171875,112.03600311279297,6.68720006942749,14078.0,12.09000015258789,64.0,1271.9000244140625
2019-04-19,1136.1099853515625,111.98899841308594,6.708099842071533,14036.0,12.09000015258789,64.0,1271.9000244140625
2019-04-22,1134.5,111.91000366210938,6.703400135040283,14036.0,12.420000076293945,65.69999694824219,1273.5
2019-04-23,1140.0400390625,111.92900085449219,6.708499908447266,14061.5,12.279999732971191,66.30000305175781,1269.300048828125
2019-04-24,1142.0,111.87699890136719,6.724899768829346,14061.0,13.140000343322754,65.88999938964844,1275.5
2019-04-25,1155.260009765625,112.12999725341797,6.720900058746338,14154.0,13.25,65.20999908447266,1275.800048828125
2019-04-26,1159.0,111.53900146484375,6.742099761962891,14306.5,12.729999542236328,63.29999923706055,1284.9000244140625
2019-04-29,1157.72998046875,111.59300231933594,6.728799819946289,14165.0,13.109999656677246,63.5,1278.5999755859375
2019-04-30,1158.7900390625,111.677001953125,6.732399940490723,14191.0,13.119999885559082,63.90999984741211,1282.800048828125
2019-05-01,1163.260009765625,111.3949966430664,6.733799934387207,14243.0,14.800000190734863,63.599998474121094,1281.4000244140625
2019-05-02,1164.6700439453125,111.4520034790039,6.734000205993652,14244.2998046875,14.420000076293945,61.810001373291016,1269.699951171875
2019-05-03,1166.1099853515625,111.49500274658203,6.73390007019043,14244.0,12.869999885559082,61.939998626708984,1279.199951171875
2019-05-06,1163.3299560546875,110.62300109863281,6.73360013961792,14230.0,15.4399995803833,62.25,1281.699951171875
2019-05-07,1168.050048828125,110.80500030517578,6.763599872589111,14286.0,19.31999969482422,61.400001525878906,1283.5
2019-05-08,1171.300048828125,110.25700378417969,6.776000022888184,14346.2998046875,19.399999618530273,62.119998931884766,1279.4000244140625
2019-05-09,1172.18994140625,110.02799987792969,6.7820000648498535,14288.0,19.100000381469727,61.70000076293945,1283.5
2019-05-10,1179.18994140625,109.80699920654297,6.826499938964844,14343.0,16.040000915527344,61.65999984741211,1285.699951171875
2019-05-13,1174.4200439453125,109.65399932861328,6.8231000900268555,14318.0,20.549999237060547,61.040000915527344,1300.0999755859375
2019-05-14,1187.1800537109375,109.15399932861328,6.877299785614014,14497.400390625,18.059999465942383,61.779998779296875,1294.699951171875
2019-05-15,1186.9300537109375,109.6709976196289,6.874899864196777,14423.0,16.440000534057617,62.02000045776367,1296.300048828125
2019-05-16,1186.0400390625,109.4749984741211,6.875199794769287,14540.0,15.289999961853027,62.869998931884766,1285.0
2019-05-17,1190.489990234375,109.87100219726562,6.882800102233887,14569.5,15.960000038146973,62.7599983215332,1274.5
2019-05-20,1193.8299560546875,110.16000366210938,6.917699813842773,14443.0,16.309999465942383,63.099998474121094,1276.0999755859375
2019-05-21,1193.3299560546875,110.06999969482422,6.911300182342529,14448.0,14.949999809265137,62.9900016784668,1272.0
2019-05-22,1193.3299560546875,110.06999969482422,6.911300182342529,14448.0,14.75,61.41999816894531,1273.5999755859375
2019-05-23,1188.800048828125,110.22100067138672,6.905399799346924,14518.0,16.920000076293945,57.90999984741211,1284.800048828125
2019-05-24,1188.800048828125,109.55799865722656,6.9095001220703125,14453.0,15.850000381469727,58.630001068115234,1283.0
2019-05-27,1185.0,109.4010009765625,6.8993000984191895,14386.0,15.850000381469727,58.630001068115234,1283.0
2019-05-28,1182.31005859375,109.50900268554688,6.897200107574463,14445.0,17.5,59.13999938964844,1276.5
2019-05-29,1187.5799560546875,109.34600067138672,6.90910005569458,14468.0,17.899999618530273,58.810001373291016,1280.5999755859375
2019-05-30,1192.2099609375,109.54199981689453,6.913400173187256,14393.0,17.299999237060547,56.59000015258789,1287.0999755859375
2019-05-31,1188.3800048828125,109.35700225830078,6.900899887084961,14401.0,18.709999084472656,53.5,1305.800048828125
2019-06-03,1187.8699951171875,108.21199798583984,6.904099941253662,14268.0,18.860000610351562,53.25,1322.699951171875
2019-06-04,1178.3499755859375,108.0270004272461,6.9028000831604,14237.0,16.969999313354492,53.47999954223633,1323.4000244140625
2019-06-05,1176.050048828125,108.25399780273438,6.907299995422363,14260.0,16.09000015258789,51.68000030517578,1328.300048828125
2019-06-06,1178.739990234375,108.3280029296875,6.908100128173828,14280.0,15.930000305175781,52.59000015258789,1337.5999755859375
2019-06-07,1177.0,108.4540023803711,6.908999919891357,14256.0,16.299999237060547,53.9900016784668,1341.199951171875
2019-06-10,1180.760009765625,108.4489974975586,6.90880012512207,14268.0,15.9399995803833,53.2599983215332,1324.699951171875
2019-06-11,1182.0999755859375,108.35900115966797,6.930099964141846,14276.0,15.989999771118164,53.27000045776367,1326.4000244140625
2019-06-12,1177.97998046875,108.4739990234375,6.910399913787842,14294.5,15.90999984741211,51.13999938964844,1331.9000244140625
2019-06-13,1183.4300537109375,108.48799896240234,6.916900157928467,14262.0,15.819999694824219,52.279998779296875,1339.199951171875
2019-06-14,1181.0799560546875,108.32099914550781,6.92080020904541,14273.0,15.279999732971191,52.5099983215332,1340.0999755859375
2019-06-17,1185.8900146484375,108.57599639892578,6.924499988555908,14318.0,15.350000381469727,51.93000030517578,1338.699951171875
2019-06-18,1185.3499755859375,108.53900146484375,6.924900054931641,14413.5,15.149999618530273,53.900001525878906,1346.5999755859375
2019-06-19,1173.5799560546875,108.572998046875,6.902299880981445,14289.5,14.329999923706055,53.7599983215332,1344.5999755859375
2019-06-20,1170.300048828125,108.11499786376953,6.902699947357178,14280.0,14.75,56.650001525878906,1392.9000244140625
2019-06-21,1157.2099609375,107.2770004272461,6.85099983215332,14142.0,15.399999618530273,57.43000030517578,1396.199951171875
2019-06-24,1158.31005859375,107.31199645996094,6.868899822235107,14148.0,15.260000228881836,57.900001525878906,1414.300048828125
2019-06-25,1152.469970703125,107.3270034790039,6.876100063323975,14183.0,16.280000686645508,57.83000183105469,1414.9000244140625
2019-06-26,1155.7099609375,107.16600036621094,6.878799915313721,14118.0,16.209999084472656,59.380001068115234,1411.5999755859375
2019-06-27,1152.5,107.73799896240234,6.8790998458862305,14215.5,15.819999694824219,59.43000030517578,1408.4000244140625
2019-06-28,1155.510009765625,107.74700164794922,6.867099761962891,14184.5,15.079999923706055,58.470001220703125,1409.699951171875
2019-07-01,1155.5999755859375,108.38200378417969,6.865799903869629,14121.0,14.0600004196167,59.09000015258789,1385.5999755859375
2019-07-02,1159.75,108.36599731445312,6.850800037384033,14150.0,12.930000305175781,56.25,1404.5999755859375
2019-07-03,1165.5799560546875,107.80500030517578,6.872000217437744,14196.0,12.569999694824219,57.34000015258789,1417.699951171875
2019-07-04,1168.8699951171875,107.77899932861328,6.880199909210205,14178.5,12.569999694824219,57.34000015258789,1417.699951171875
2019-07-05,1167.1300048828125,107.80799865722656,6.87060022354126,14150.0,13.279999732971191,57.5099983215332,1396.699951171875
2019-07-08,1174.02001953125,108.4739990234375,6.892600059509277,14076.0,13.960000038146973,57.65999984741211,1397.0
2019-07-09,1179.8499755859375,108.72100067138672,6.880899906158447,14187.0,14.09000015258789,57.83000183105469,1397.5
2019-07-10,1181.47998046875,108.92400360107422,6.888299942016602,14236.0,13.029999732971191,60.43000030517578,1410.0999755859375
2019-07-11,1175.530029296875,108.33399963378906,6.872200012207031,14161.5,12.930000305175781,60.20000076293945,1404.300048828125
2019-07-12,1174.0799560546875,108.58799743652344,6.869200229644775,14124.0,12.390000343322754,60.209999084472656,1409.9000244140625
2019-07-15,1176.4100341796875,107.83200073242188,6.879799842834473,14000.0,12.680000305175781,59.58000183105469,1411.4000244140625
2019-07-16,1178.4300537109375,107.88899993896484,6.8769001960754395,13913.0,12.859999656677246,57.619998931884766,1409.199951171875
2019-07-17,1177.8800048828125,108.20099639892578,6.87529993057251,14008.5,13.970000267028809,56.779998779296875,1421.300048828125
2019-07-18,1178.68994140625,107.93699645996094,6.872799873352051,14023.0,13.529999732971191,55.29999923706055,1426.0999755859375
2019-07-19,1170.77001953125,107.4010009765625,6.8790998458862305,13970.0,14.449999809265137,55.630001068115234,1425.0999755859375
2019-07-22,1175.1099853515625,107.80999755859375,6.881100177764893,13941.0,13.529999732971191,56.220001220703125,1425.300048828125
2019-07-23,1174.760009765625,107.90399932861328,6.880099773406982,13997.0,12.609999656677246,56.77000045776367,1420.0999755859375
2019-07-24,1176.800048828125,108.23200225830078,6.878300189971924,14039.0,12.069999694824219,55.880001068115234,1422.800048828125
2019-07-25,1176.550048828125,108.18900299072266,6.871500015258789,14027.5,12.739999771118164,56.02000045776367,1413.9000244140625
2019-07-26,1182.3900146484375,108.66600036621094,6.871600151062012,14052.7001953125,12.15999984741211,56.20000076293945,1418.5
2019-07-29,1183.3499755859375,108.63300323486328,6.878200054168701,13997.0,12.829999923706055,56.869998931884766,1419.5999755859375
2019-07-30,1181.8499755859375,108.86599731445312,6.892399787902832,14066.0,13.9399995803833,58.04999923706055,1429.699951171875
2019-07-31,1180.6500244140625,108.56199645996094,6.883600234985352,14066.400390625,16.1200008392334,58.58000183105469,1426.0999755859375
2019-08-01,1186.31005859375,108.81999969482422,6.883399963378906,14165.0,17.8700008392334,53.95000076293945,1420.9000244140625
2019-08-02,1194.75,107.43099975585938,6.897799968719482,14329.0,17.610000610351562,55.65999984741211,1445.5999755859375
2019-08-05,1203.93994140625,106.5770034790039,6.939199924468994,14173.0,24.59000015258789,54.689998626708984,1464.5999755859375
2019-08-06,1216.6500244140625,105.59300231933594,7.049699783325195,14248.0,20.170000076293945,53.630001068115234,1472.4000244140625
2019-08-07,1212.530029296875,106.33699798583984,7.025599956512451,14258.0,19.489999771118164,51.09000015258789,1507.300048828125
2019-08-08,1212.22998046875,106.12100219726562,7.059100151062012,14274.5,16.90999984741211,52.540000915527344,1497.699951171875
2019-08-09,1207.030029296875,105.8740005493164,7.044300079345703,14236.5,17.969999313354492,54.5,1496.5999755859375
2019-08-12,1213.199951171875,105.38200378417969,7.061500072479248,14183.0,21.09000015258789,54.93000030517578,1505.300048828125
2019-08-13,1217.6300048828125,105.35800170898438,7.057199954986572,14241.0,17.520000457763672,57.099998474121094,1502.199951171875
2019-08-14,1204.72998046875,106.58999633789062,7.0335001945495605,14232.7998046875,22.100000381469727,55.22999954223633,1515.9000244140625
2019-08-15,1215.6400146484375,105.91600036621094,7.023499965667725,14238.0,21.18000030517578,54.470001220703125,1519.5999755859375
2019-08-16,1211.5,106.08300018310547,7.02400016784668,14333.0,18.469999313354492,54.869998931884766,1512.5
2019-08-19,1207.489990234375,106.43000030517578,7.041900157928467,14228.0,16.8799991607666,56.209999084472656,1500.4000244140625
2019-08-20,1210.530029296875,106.5739974975586,7.049799919128418,14337.2998046875,17.5,56.34000015258789,1504.5999755859375
2019-08-21,1205.280029296875,106.27400207519531,7.059599876403809,14326.099609375,15.800000190734863,55.68000030517578,1504.5999755859375
2019-08-22,1201.3199462890625,106.59700012207031,7.062399864196777,14275.0,16.68000030517578,55.349998474121094,1497.300048828125
2019-08-23,1208.56005859375,106.46800231933594,7.082699775695801,14228.0,19.8700008392334,54.16999816894531,1526.5999755859375
2019-08-26,1212.6500244140625,104.85199737548828,7.09499979019165,14206.0,19.31999969482422,53.63999938964844,1526.300048828125
2019-08-27,1210.72998046875,105.97799682617188,7.150300025939941,14253.7998046875,20.309999465942383,54.93000030517578,1541.0
2019-08-28,1210.760009765625,105.73799896240234,7.161399841308594,14343.7998046875,19.350000381469727,55.779998779296875,1537.800048828125
2019-08-29,1211.3699951171875,106.06999969482422,7.155300140380859,14311.2998046875,17.8799991607666,56.709999084472656,1526.5
2019-08-30,1207.1600341796875,106.43800354003906,7.143599987030029,14231.0,18.979999542236328,55.099998474121094,1519.0999755859375
2019-09-02,1209.1500244140625,106.12799835205078,7.155700206756592,14178.0,18.979999542236328,55.099998474121094,1519.0999755859375
2019-09-03,1212.77001953125,106.19300079345703,7.171000003814697,14265.0,19.65999984741211,53.939998626708984,1545.9000244140625
2019-09-04,1210.47998046875,105.86100006103516,7.177999973297119,14260.7001953125,17.329999923706055,56.2599983215332,1550.300048828125
2019-09-05,1202.68994140625,106.32499694824219,7.145100116729736,14146.0,16.270000457763672,56.29999923706055,1515.4000244140625
2019-09-06,1196.0,107.0719985961914,7.14769983291626,14172.2998046875,15.0,56.52000045776367,1506.199951171875
2019-09-09,1191.6199951171875,106.94499969482422,7.114699840545654,14088.0,15.270000457763672,57.849998474121094,1502.199951171875
2019-09-10,1190.8599853515625,107.33699798583984,7.121099948883057,14024.0,15.199999809265137,57.400001525878906,1490.300048828125
2019-09-11,1189.5,107.5999984741211,7.111700057983398,14095.7998046875,14.609999656677246,55.75,1494.4000244140625
2019-09-12,1189.800048828125,108.02100372314453,7.115799903869629,14106.400390625,14.220000267028809,55.09000015258789,1498.699951171875
2019-09-13,1180.75,108.1760025024414,7.078400135040283,13983.0,13.739999771118164,54.849998474121094,1490.9000244140625
2019-09-16,1178.719970703125,107.76499938964844,7.078400135040283,13958.0,14.670000076293945,62.900001525878906,1503.0999755859375
2019-09-17,1183.2900390625,108.16100311279297,7.066400051116943,14170.2998046875,14.4399995803833,59.34000015258789,1505.0999755859375
2019-09-18,1185.6500244140625,108.08699798583984,7.09089994430542,14126.7998046875,13.949999809265137,58.11000061035156,1507.5
2019-09-19,1189.550048828125,108.42500305175781,7.085000038146973,14126.0,14.050000190734863,58.130001068115234,1498.4000244140625
2019-09-20,1193.8599853515625,108.04100036621094,7.095600128173828,14158.0,15.319999694824219,58.09000015258789,1507.300048828125
2019-09-23,1193.1300048828125,107.6520004272461,7.09060001373291,14048.0,14.90999984741211,58.63999938964844,1523.699951171875
2019-09-24,1193.010009765625,107.61399841308594,7.117599964141846,14078.0,17.049999237060547,57.290000915527344,1532.0999755859375
2019-09-25,1193.93994140625,107.16300201416016,7.115499973297119,14177.2998046875,15.960000038146973,56.4900016784668,1504.5999755859375
2019-09-26,1197.8900146484375,107.69200134277344,7.130799770355225,14211.2998046875,16.06999969482422,56.40999984741211,1507.5
2019-09-27,1198.6300048828125,107.75599670410156,7.1315999031066895,14236.7998046875,17.219999313354492,55.90999984741211,1499.0999755859375
2019-09-30,1201.9100341796875,107.94400024414062,7.121799945831299,14158.0,16.239999771118164,54.06999969482422,1465.699951171875
2019-10-01,1198.0,108.06900024414062,7.147500038146973,14219.400390625,18.559999465942383,53.619998931884766,1482.0
2019-10-02,1201.68994140625,107.73699951171875,7.14739990234375,14206.0,20.559999465942383,52.63999938964844,1501.0
2019-10-03,1203.5699462890625,107.16300201416016,7.147600173950195,14188.0,19.1200008392334,52.45000076293945,1507.0999755859375
2019-10-04,1200.0799560546875,106.82599639892578,7.147500038146973,14166.0,17.040000915527344,52.810001373291016,1506.199951171875
2019-10-07,1191.3299560546875,106.76399993896484,7.14739990234375,14128.0,17.860000610351562,52.75,1497.699951171875
2019-10-08,1195.760009765625,107.2509994506836,7.14739990234375,14239.5,20.280000686645508,52.630001068115234,1497.199951171875
2019-10-09,1198.3699951171875,106.96099853515625,7.143499851226807,14210.0,18.639999389648438,52.59000015258789,1506.0999755859375
2019-10-10,1196.780029296875,107.1780014038086,7.131400108337402,14217.5,17.56999969482422,53.54999923706055,1494.800048828125
2019-10-11,1188.81005859375,107.87999725341797,7.115499973297119,14145.0,15.579999923706055,54.70000076293945,1482.699951171875
2019-10-14,1182.489990234375,108.45899963378906,7.087200164794922,14121.0,14.569999694824219,53.59000015258789,1491.699951171875
2019-10-15,1182.300048828125,108.38800048828125,7.0665998458862305,14168.5,13.539999961853027,52.810001373291016,1477.5999755859375
2019-10-16,1183.9300537109375,108.81700134277344,7.0808000564575195,14216.0,13.680000305175781,53.36000061035156,1488.0
2019-10-17,1184.8299560546875,108.677001953125,7.092700004577637,14224.0,13.789999961853027,53.93000030517578,1492.300048828125
2019-10-18,1177.27001953125,108.58100128173828,7.076399803161621,14184.5,14.25,53.779998779296875,1488.199951171875
2019-10-21,1178.0799560546875,108.40799713134766,7.080699920654297,14138.0,14.0,53.310001373291016,1482.4000244140625
2019-10-22,1171.4000244140625,108.60099792480469,7.066299915313721,14102.5,14.460000038146973,54.15999984741211,1481.699951171875
2019-10-23,1171.260009765625,108.48300170898438,7.076200008392334,14042.5,14.010000228881836,55.970001220703125,1489.9000244140625
2019-10-24,1169.699951171875,108.64199829101562,7.064599990844727,13987.0,13.710000038146973,56.22999954223633,1498.9000244140625
2019-10-25,1174.25,108.60600280761719,7.0680999755859375,14089.5,12.649999618530273,56.65999984741211,1499.5
2019-10-28,1170.8199462890625,108.73400115966797,7.064700126647949,14028.0,13.109999656677246,55.810001373291016,1490.0
2019-10-29,1166.760009765625,108.96399688720703,7.06689977645874,14018.0,13.199999809265137,55.540000915527344,1487.0
2019-10-30,1165.75,108.8740005493164,7.064899921417236,14018.0,12.329999923706055,55.060001373291016,1493.199951171875
2019-10-31,1163.699951171875,108.78900146484375,7.0543999671936035,14060.0,13.220000267028809,54.18000030517578,1511.4000244140625
2019-11-01,1168.550048828125,107.99600219726562,7.0381999015808105,14123.5,12.300000190734863,56.20000076293945,1508.0
2019-11-04,1163.800048828125,108.22000122070312,7.036399841308594,14014.0,12.829999923706055,56.540000915527344,1508.0
2019-11-05,1161.81005859375,108.69400024414062,7.029399871826172,14058.0,13.100000381469727,57.22999954223633,1480.800048828125
2019-11-06,1155.199951171875,109.14600372314453,7.008800029754639,14028.5,12.619999885559082,56.349998474121094,1490.199951171875
2019-11-07,1160.0799560546875,108.91300201416016,6.997200012207031,14008.0,12.729999542236328,57.150001525878906,1464.199951171875
2019-11-08,1158.5999755859375,109.27400207519531,6.997200012207031,14013.0,12.069999694824219,57.2400016784668,1461.300048828125
2019-11-11,1158.5999755859375,109.22599792480469,6.994999885559082,14014.0390625,12.6899995803833,56.86000061035156,1455.5
2019-11-12,1163.9000244140625,109.04199981689453,7.0096001625061035,13997.2001953125,12.680000305175781,56.79999923706055,1452.0999755859375
2019-11-13,1164.949951171875,108.99299621582031,7.006800174713135,13852.7470703125,13.0,57.119998931884766,1461.699951171875
2019-11-14,1169.8599853515625,108.7979965209961,7.022600173950195,13871.640625,13.050000190734863,56.77000045776367,1471.800048828125
2019-11-15,1167.52001953125,108.49199676513672,7.019800186157227,14078.0,12.050000190734863,57.720001220703125,1467.300048828125
2019-11-18,1162.3299560546875,108.6989974975586,7.007299900054932,13840.302734375,12.460000038146973,57.04999923706055,1470.9000244140625
2019-11-19,1165.68994140625,108.66200256347656,7.025000095367432,14139.0,12.859999656677246,55.209999084472656,1473.300048828125
2019-11-20,1165.8199462890625,108.44499969482422,7.026800155639648,14083.0,12.779999732971191,57.11000061035156,1473.300048828125
2019-11-21,1168.260009765625,108.47799682617188,7.034999847412109,14035.2783203125,13.130000114440918,58.58000183105469,1463.0999755859375
2019-11-22,1175.22998046875,108.58499908447266,7.028200149536133,14070.0,12.34000015258789,57.77000045776367,1463.0999755859375
2019-11-25,1179.489990234375,108.7300033569336,7.038300037384033,14083.01171875,11.869999885559082,58.0099983215332,1456.5999755859375
2019-11-26,1172.4100341796875,108.99199676513672,7.0355000495910645,14063.748046875,11.539999961853027,58.40999984741211,1459.800048828125
2019-11-27,1172.5999755859375,109.09700012207031,7.03249979019165,14078.0,11.75,58.11000061035156,1453.4000244140625
2019-11-28,1175.3599853515625,109.36699676513672,7.027900218963623,14087.1298828125,11.75,58.11000061035156,1453.4000244140625
2019-11-29,1177.010009765625,109.51200103759766,7.03439998626709,13868.66015625,12.619999885559082,55.16999816894531,1465.5999755859375
2019-12-02,1181.469970703125,109.53500366210938,7.031499862670898,13868.345703125,14.90999984741211,55.959999084472656,1462.300048828125
2019-12-03,1183.7900390625,109.02200317382812,7.038300037384033,14123.2763671875,15.960000038146973,56.099998474121094,1478.199951171875
2019-12-04,1187.6300048828125,108.65299987792969,7.060200214385986,14098.0,14.800000190734863,58.43000030517578,1474.0
2019-12-05,1189.4599609375,108.83200073242188,7.048900127410889,13994.884765625,14.520000457763672,58.43000030517578,1476.9000244140625
2019-12-06,1187.97998046875,108.73799896240234,7.043799877166748,14058.0,13.619999885559082,59.20000076293945,1459.0999755859375
2019-12-09,1186.1099853515625,108.62699890136719,7.034299850463867,14022.3798828125,15.859999656677246,59.02000045776367,1459.300048828125
2019-12-10,1188.6800537109375,108.58200073242188,7.0381999015808105,14004.6005859375,15.680000305175781,59.2400016784668,1462.5999755859375
2019-12-11,1189.0699462890625,108.76399993896484,7.033299922943115,14021.0,14.989999771118164,58.7599983215332,1469.4000244140625
2019-12-12,1187.9300537109375,108.54900360107422,7.037799835205078,13976.61328125,13.9399995803833,59.18000030517578,1466.699951171875
2019-12-13,1169.5899658203125,109.41300201416016,7.019499778747559,13933.3564453125,12.630000114440918,60.06999969482422,1475.5999755859375
2019-12-16,1172.530029296875,109.4000015258789,6.97189998626709,13968.525390625,12.140000343322754,60.209999084472656,1475.0
2019-12-17,1167.4599609375,109.57599639892578,6.981599807739258,14022.5,12.289999961853027,60.939998626708984,1474.5999755859375
2019-12-18,1162.780029296875,109.51599884033203,6.996200084686279,14024.0,12.579999923706055,60.93000030517578,1472.5999755859375
2019-12-19,1164.3599853515625,109.5510025024414,7.004000186920166,13966.919921875,12.5,61.220001220703125,1478.199951171875
2019-12-20,1161.06005859375,109.38300323486328,7.009399890899658,13978.15625,12.510000228881836,60.439998626708984,1474.699951171875
2019-12-23,1159.300048828125,109.4990005493164,7.00570011138916,13957.5810546875,12.609999656677246,60.52000045776367,1482.5
2019-12-24,1161.5699462890625,109.38200378417969,7.0117998123168945,13955.626953125,12.670000076293945,61.11000061035156,1499.0999755859375
2019-12-25,1162.22998046875,109.38300323486328,7.006400108337402,13961.0,12.670000076293945,61.11000061035156,1499.0999755859375
2019-12-26,1159.75,109.36900329589844,6.98829984664917,13991.0,12.649999618530273,61.68000030517578,1509.300048828125
2019-12-27,1161.199951171875,109.54199981689453,6.996300220489502,13977.5,13.430000305175781,61.720001220703125,1513.800048828125
2019-12-30,1160.6800537109375,109.4280014038086,6.994800090789795,13953.841796875,14.819999694824219,61.68000030517578,1514.5
2019-12-31,1156.3499755859375,108.87300109863281,6.9857001304626465,13919.0,13.779999732971191,61.060001373291016,1519.5
2020-01-01,1153.75,108.68099975585938,6.962299823760986,13690.3720703125,13.779999732971191,61.060001373291016,1519.5
2020-01-02,1153.969970703125,108.71299743652344,6.962200164794922,13689.2314453125,12.470000267028809,61.18000030517578,1524.5
2020-01-03,1157.1500244140625,108.54299926757812,6.963399887084961,13884.7861328125,14.020000457763672,63.04999923706055,1549.199951171875
2020-01-06,1165.8499755859375,107.96399688720703,6.9644999504089355,13934.31640625,13.850000381469727,63.27000045776367,1566.199951171875
2020-01-07,1167.4200439453125,108.40599822998047,6.9745001792907715,13926.5,13.789999961853027,62.70000076293945,1571.800048828125
2020-01-08,1166.4599609375,108.01599884033203,6.944399833679199,13867.236328125,13.449999809265137,59.61000061035156,1557.4000244140625
2020-01-09,1161.260009765625,109.03099822998047,6.945199966430664,13886.939453125,12.539999961853027,59.560001373291016,1551.699951171875
2020-01-10,1157.81005859375,109.50700378417969,6.951700210571289,13827.560546875,12.5600004196167,59.040000915527344,1557.5
2020-01-13,1156.9300537109375,109.56600189208984,6.909299850463867,13522.4345703125,12.319999694824219,58.08000183105469,1548.4000244140625
2020-01-14,1153.93994140625,109.99199676513672,6.8927001953125,13665.3046875,12.390000343322754,58.22999954223633,1542.4000244140625
2020-01-15,1157.050048828125,109.85399627685547,6.900300025939941,13668.0400390625,12.420000076293945,57.810001373291016,1552.0999755859375
2020-01-16,1156.780029296875,109.88300323486328,6.889800071716309,13665.0966796875,12.319999694824219,58.52000045776367,1549.0
2020-01-17,1158.77001953125,110.17500305175781,6.8780999183654785,13623.0,12.100000381469727,58.540000915527344,1558.800048828125
2020-01-20,1160.3599853515625,110.18000030517578,6.858699798583984,13456.98828125,12.100000381469727,58.540000915527344,1558.800048828125
2020-01-21,1157.5699462890625,110.1729965209961,6.865799903869629,13615.0,12.850000381469727,58.34000015258789,1556.4000244140625
2020-01-22,1168.739990234375,109.90799713134766,6.904799938201904,13651.0,12.90999984741211,56.7400016784668,1555.300048828125
2020-01-23,1163.72998046875,109.72799682617188,6.905700206756592,13626.38671875,12.979999542236328,55.59000015258789,1564.5999755859375
2020-01-24,1167.5999755859375,109.552001953125,6.9355998039245605,13609.1884765625,14.5600004196167,54.189998626708984,1571.0999755859375
2020-01-27,1169.1500244140625,108.802001953125,6.935699939727783,13711.9736328125,18.229999542236328,53.13999938964844,1576.800048828125
2020-01-28,1176.72998046875,108.91999816894531,6.935699939727783,13213.240234375,16.280000686645508,53.47999954223633,1569.199951171875
2020-01-29,1174.280029296875,109.13200378417969,6.935699939727783,13634.0,16.389999389648438,53.33000183105469,1569.800048828125
2020-01-30,1178.0799560546875,108.98699951171875,6.935699939727783,13614.0146484375,15.489999771118164,52.13999938964844,1583.5
2020-01-31,1187.1199951171875,108.87699890136719,6.935699939727783,13643.1806640625,18.84000015258789,51.560001373291016,1582.9000244140625
2020-02-03,1194.8699951171875,108.37200164794922,6.935699939727783,13633.126953125,17.969999313354492,50.11000061035156,1577.199951171875
2020-02-04,1189.3599853515625,108.61199951171875,7.020599842071533,13735.5,16.049999237060547,49.61000061035156,1550.4000244140625
2020-02-05,1182.47998046875,109.4469985961914,6.997499942779541,13702.4072265625,15.149999618530273,50.75,1557.800048828125
2020-02-06,1183.4599609375,109.81400299072266,6.972799777984619,13668.267578125,14.960000038146973,50.95000076293945,1565.0999755859375
2020-02-07,1184.25,109.96800231933594,6.969799995422363,13698.0,15.470000267028809,50.31999969482422,1568.5999755859375
2020-02-10,1191.0899658203125,109.6449966430664,7.0005998611450195,13675.853515625,15.039999961853027,49.56999969482422,1574.699951171875
2020-02-11,1185.6300048828125,109.76599884033203,6.983500003814697,13691.58984375,15.180000305175781,49.939998626708984,1565.5999755859375
2020-02-12,1180.719970703125,109.84300231933594,6.964900016784668,13657.5537109375,13.739999771118164,51.16999816894531,1567.4000244140625
2020-02-13,1177.9599609375,109.84600067138672,6.9710001945495605,13500.7373046875,14.149999618530273,51.41999816894531,1575.0999755859375
2020-02-14,1183.469970703125,109.75800323486328,6.976399898529053,13695.400390625,13.680000305175781,52.04999923706055,1582.699951171875
2020-02-17,1182.1800537109375,109.79100036621094,6.986100196838379,13681.2900390625,13.680000305175781,52.04999923706055,1582.699951171875
2020-02-18,1183.81005859375,109.83000183105469,6.979300022125244,13649.2412109375,14.829999923706055,52.04999923706055,1600.0
2020-02-19,1189.9300537109375,109.91899871826172,6.996200084686279,13768.0,14.380000114440918,53.290000915527344,1607.5
2020-02-20,1191.3699951171875,111.20999908447266,6.997200012207031,13762.0,15.5600004196167,53.779998779296875,1616.5999755859375
2020-02-21,1204.4000244140625,111.9540023803711,7.02239990234375,13703.482421875,17.079999923706055,53.380001068115234,1644.5999755859375
2020-02-24,1205.77001953125,111.55699920654297,7.026199817657471,13771.486328125,25.030000686645508,51.43000030517578,1672.4000244140625
2020-02-25,1217.6500244140625,110.85700225830078,7.02839994430542,13879.9296875,27.850000381469727,49.900001525878906,1646.9000244140625
2020-02-26,1214.550048828125,110.28600311279297,7.036399841308594,14056.5,27.559999465942383,48.72999954223633,1640.0
2020-02-27,1211.3599853515625,110.36299896240234,7.03980016708374,13931.0,39.15999984741211,47.09000015258789,1640.0
2020-02-28,1211.31005859375,109.66000366210938,7.003499984741211,14316.0,40.11000061035156,44.7599983215332,1564.0999755859375
2020-03-02,1200.0999755859375,107.6969985961914,6.990900039672852,13971.9619140625,33.41999816894531,46.75,1592.300048828125
2020-03-03,1188.280029296875,108.48699951171875,6.999800205230713,14220.0,36.81999969482422,47.18000030517578,1642.0999755859375
2020-03-04,1186.3399658203125,107.03700256347656,6.960999965667725,14199.5,31.989999771118164,46.779998779296875,1641.0999755859375
2020-03-05,1183.6800537109375,107.677001953125,6.965400218963623,14256.0,39.619998931884766,45.900001525878906,1666.4000244140625
2020-03-06,1187.469970703125,106.24800109863281,6.935999870300293,14309.599609375,41.939998626708984,41.279998779296875,1670.800048828125
2020-03-09,1187.699951171875,103.93800354003906,6.931099891662598,14251.5390625,54.459999084472656,31.1299991607666,1674.5
2020-03-10,1199.9599609375,103.11199951171875,6.9456000328063965,14094.818359375,47.29999923706055,34.36000061035156,1659.0999755859375
2020-03-11,1184.699951171875,105.0260009765625,6.955599784851074,14272.900390625,53.900001525878906,32.97999954223633,1641.4000244140625
2020-03-12,1189.3900146484375,104.55000305175781,6.95959997177124,14526.0,75.47000122070312,31.5,1589.300048828125
2020-03-13,1209.969970703125,104.61000061035156,7.028600215911865,14850.0,57.83000183105469,31.729999542236328,1515.699951171875
2020-03-16,1210.800048828125,106.68800354003906,7.007199764251709,14635.0224609375,82.69000244140625,28.700000762939453,1485.9000244140625
2020-03-17,1232.0400390625,106.17500305175781,6.992700099945068,15192.0,75.91000366210938,26.950000762939453,1524.9000244140625
2020-03-18,1237.989990234375,107.37699890136719,7.006199836730957,14955.7880859375,76.44999694824219,20.3700008392334,1477.300048828125
2020-03-19,1255.3499755859375,108.36000061035156,7.04640007019043,15474.5,72.0,25.219999313354492,1478.5999755859375
2020-03-20,1256.8800048828125,111.29100036621094,7.107699871063232,15908.0,66.04000091552734,22.43000030517578,1484.0
2020-03-23,1253.949951171875,110.46199798583984,7.094799995422363,15766.2470703125,61.59000015258789,23.360000610351562,1567.0
2020-03-24,1262.9300537109375,110.8270034790039,7.091300010681152,16504.80078125,61.66999816894531,24.010000228881836,1660.199951171875
2020-03-25,1228.5999755859375,111.12000274658203,7.061999797821045,16216.5,63.95000076293945,24.489999771118164,1632.300048828125
2020-03-26,1231.0799560546875,110.8759994506836,7.113500118255615,16447.720703125,61.0,22.600000381469727,1650.0999755859375
2020-03-27,1212.18994140625,109.10900115966797,7.0731000900268555,16218.63671875,65.54000091552734,21.510000228881836,1623.9000244140625
2020-03-30,1211.6300048828125,107.41300201416016,7.095300197601318,16005.3349609375,57.08000183105469,20.09000015258789,1622.0
2020-03-31,1222.699951171875,108.03500366210938,7.0991997718811035,16346.9619140625,53.540000915527344,20.479999542236328,1583.4000244140625
2020-04-01,1216.6600341796875,107.50800323486328,7.081399917602539,16277.943359375,57.060001373291016,20.309999465942383,1578.199951171875
2020-04-02,1234.72998046875,107.25700378417969,7.099299907684326,16412.80859375,50.90999984741211,25.31999969482422,1625.699951171875
2020-04-03,1226.8499755859375,108.0009994506836,7.083199977874756,16441.263671875,46.79999923706055,28.34000015258789,1633.699951171875
2020-04-06,1235.800048828125,108.69300079345703,7.091300010681152,16418.0,45.2400016784668,26.079999923706055,1677.0
2020-04-07,1223.0999755859375,109.11499786376953,7.091300010681152,16364.6484375,46.70000076293945,23.6299991607666,1664.800048828125
2020-04-08,1215.31005859375,108.6510009765625,7.0447998046875,16225.0,43.349998474121094,25.09000015258789,1665.4000244140625
2020-04-09,1214.75,108.9219970703125,7.064899921417236,16159.376953125,41.66999816894531,22.760000228881836,1736.199951171875
2020-04-10,1209.510009765625,108.56099700927734,7.042200088500977,15811.9677734375,41.66999816894531,22.760000228881836,1736.199951171875
2020-04-13,1211.0400390625,108.33599853515625,7.035099983215332,15800.0,41.16999816894531,22.40999984741211,1744.800048828125
2020-04-14,1213.9000244140625,107.62300109863281,7.051599979400635,15751.0,37.7599983215332,20.110000610351562,1756.699951171875
2020-04-15,1212.3800048828125,107.10399627685547,7.048299789428711,15578.3466796875,40.84000015258789,19.8700008392334,1727.199951171875
2020-04-16,1222.550048828125,107.60900115966797,7.066500186920166,15887.5,40.11000061035156,19.8700008392334,1720.4000244140625
2020-04-17,1226.6400146484375,107.94499969482422,7.078800201416016,15568.3388671875,38.150001525878906,18.270000457763672,1689.199951171875
2020-04-20,1215.260009765625,107.66999816894531,7.072199821472168,15423.0,43.83000183105469,-37.630001068115234,1701.5999755859375
2020-04-21,1218.0999755859375,107.66899871826172,7.072400093078613,15377.080078125,45.40999984741211,10.010000228881836,1678.199951171875
2020-04-22,1230.8499755859375,107.72100067138672,7.070799827575684,15394.6787109375,41.97999954223633,13.779999732971191,1728.699951171875
2020-04-23,1231.3800048828125,107.81300354003906,7.083099842071533,15408.6220703125,41.380001068115234,16.5,1733.300048828125
2020-04-24,1232.449951171875,107.66699981689453,7.065199851989746,15665.0,35.93000030517578,16.940000534057617,1723.5
2020-04-27,1229.5,107.49500274658203,7.080900192260742,15348.744140625,33.290000915527344,12.779999732971191,1711.9000244140625
2020-04-28,1220.8699951171875,107.28299713134766,7.085299968719482,15312.3857421875,33.56999969482422,12.34000015258789,1710.5
2020-04-29,1220.4000244140625,106.74099731445312,7.078100204467773,15364.5947265625,31.229999542236328,15.0600004196167,1703.4000244140625
2020-04-30,1210.7900390625,106.61000061035156,7.075399875640869,15234.63671875,34.150001525878906,18.84000015258789,1684.199951171875
2020-05-01,1212.9599609375,107.28500366210938,7.061299800872803,15249.0,37.189998626708984,19.780000686645508,1694.5
2020-05-04,1223.780029296875,106.73799896240234,7.061500072479248,14671.0,35.970001220703125,20.389999389648438,1706.9000244140625
2020-05-05,1222.449951171875,106.6969985961914,7.061500072479248,15044.0,33.61000061035156,24.559999465942383,1704.4000244140625
2020-05-06,1221.25,106.4520034790039,7.061500072479248,15335.0,34.119998931884766,23.989999771118164,1684.199951171875
2020-05-07,1228.530029296875,106.19100189208984,7.103600025177002,14998.33203125,31.440000534057617,23.549999237060547,1721.800048828125
2020-05-08,1218.6300048828125,106.35900115966797,7.083799839019775,15227.0,27.979999542236328,24.739999771118164,1709.9000244140625
2020-05-11,1218.699951171875,106.91899871826172,7.0731000900268555,14721.3984375,27.56999969482422,24.139999389648438,1695.300048828125
2020-05-12,1222.4000244140625,107.56600189208984,7.0980000495910645,14848.7001953125,33.040000915527344,25.780000686645508,1704.4000244140625
2020-05-13,1225.6500244140625,107.13800048828125,7.082099914550781,14994.0,35.279998779296875,25.290000915527344,1713.9000244140625
2020-05-14,1226.550048828125,106.93299865722656,7.091300010681152,14846.873046875,32.61000061035156,27.559999465942383,1738.0999755859375
2020-05-15,1225.4599609375,107.36499786376953,7.094699859619141,14810.1201171875,31.889999389648438,29.43000030517578,1753.4000244140625
2020-05-18,1232.0899658203125,107.20800018310547,7.101200103759766,14853.0,29.299999237060547,31.81999969482422,1731.800048828125
2020-05-19,1224.199951171875,107.38099670410156,7.10860013961792,14878.0,30.530000686645508,32.5,1744.199951171875
2020-05-20,1224.3199462890625,107.80999755859375,7.098199844360352,14748.447265625,27.989999771118164,33.4900016784668,1750.5999755859375
2020-05-21,1226.550048828125,107.59100341796875,7.09250020980835,14771.0,29.530000686645508,33.91999816894531,1720.5
2020-05-22,1233.3900146484375,107.63099670410156,7.114299774169922,14826.0,28.15999984741211,33.25,1734.5999755859375
2020-05-25,1239.550048828125,107.73500061035156,7.12939977645874,14703.0,28.15999984741211,33.25,1734.5999755859375
2020-05-26,1240.02001953125,107.68699645996094,7.135700225830078,14501.7578125,28.010000228881836,34.349998474121094,1704.800048828125
2020-05-27,1230.8699951171875,107.49099731445312,7.134099960327148,14850.0,27.6200008392334,32.810001373291016,1710.300048828125
2020-05-28,1238.300048828125,107.7979965209961,7.1682000160217285,14888.5,28.59000015258789,33.709999084472656,1713.300048828125
2020-05-29,1237.97998046875,107.64299774169922,7.145199775695801,14825.0,27.510000228881836,35.4900016784668,1736.9000244140625
2020-06-01,1230.469970703125,107.70800018310547,7.136300086975098,14603.0,28.229999542236328,35.439998626708984,1737.800048828125
2020-06-02,1222.989990234375,107.5479965209961,7.126699924468994,14573.5,26.84000015258789,36.810001373291016,1725.199951171875
2020-06-03,1219.1400146484375,108.80899810791016,7.099899768829346,14343.8232421875,25.65999984741211,37.290000915527344,1697.800048828125
2020-06-04,1215.8199462890625,108.9990005493164,7.114699840545654,14130.0,25.809999465942383,37.40999984741211,1718.9000244140625
2020-06-05,1215.3800048828125,109.1500015258789,7.1092000007629395,14085.447265625,24.520000457763672,39.54999923706055,1676.199951171875
2020-06-08,1201.1099853515625,109.63400268554688,7.080999851226807,13863.0,25.809999465942383,38.189998626708984,1698.300048828125
2020-06-09,1195.72998046875,108.40899658203125,7.070300102233887,14070.7998046875,27.56999969482422,38.939998626708984,1714.699951171875
2020-06-10,1197.300048828125,107.7969970703125,7.076300144195557,13852.103515625,27.56999969482422,39.599998474121094,1713.300048828125
2020-06-11,1189.739990234375,106.98100280761719,7.059999942779541,13947.443359375,40.790000915527344,36.34000015258789,1732.0
2020-06-12,1204.760009765625,106.8030014038086,7.0640997886657715,14475.0,36.09000015258789,36.2599983215332,1729.300048828125
2020-06-15,1202.6099853515625,107.31099700927734,7.082399845123291,14118.0,34.400001525878906,37.119998931884766,1720.300048828125
2020-06-16,1206.9000244140625,107.46399688720703,7.090799808502197,13988.119140625,33.66999816894531,38.380001068115234,1729.5999755859375
2020-06-17,1211.1500244140625,107.41000366210938,7.085999965667725,14275.0,33.470001220703125,37.959999084472656,1729.199951171875
2020-06-18,1214.3499755859375,106.89399719238281,7.084499835968018,14102.7353515625,32.939998626708984,38.84000015258789,1724.800048828125
2020-06-19,1211.3599853515625,107.00599670410156,7.088399887084961,13997.6923828125,35.119998931884766,39.75,1745.9000244140625
2020-06-22,1210.8900146484375,106.83100128173828,7.071300029754639,14093.0,31.770000457763672,40.459999084472656,1756.699951171875
2020-06-23,1208.0,106.90299987792969,7.067399978637695,14080.134765625,31.3700008392334,40.369998931884766,1772.0999755859375
2020-06-24,1207.949951171875,106.43199920654297,7.057400226593018,14113.177734375,33.84000015258789,38.0099983215332,1765.800048828125
2020-06-25,1205.25,107.04399871826172,7.077199935913086,14289.2998046875,32.220001220703125,38.720001220703125,1762.0999755859375
2020-06-26,1201.52001953125,107.15499877929688,7.077199935913086,14376.2001953125,34.72999954223633,38.4900016784668,1772.5
2020-06-29,1202.6300048828125,107.21800231933594,7.077199935913086,14213.0,31.780000686645508,39.70000076293945,1774.800048828125
2020-06-30,1198.489990234375,107.58999633789062,7.079599857330322,14470.2001953125,30.43000030517578,39.27000045776367,1793.0
2020-07-01,1198.3900146484375,107.98899841308594,7.0644001960754395,14194.05078125,28.6200008392334,39.81999969482422,1773.199951171875
2020-07-02,1200.699951171875,107.36599731445312,7.070099830627441,14187.8583984375,27.68000030517578,40.650001525878906,1784.0
2020-07-03,1198.1700439453125,107.49700164794922,7.065499782562256,14298.779296875,27.68000030517578,40.650001525878906,1784.0
2020-07-06,1198.5,107.5790023803711,7.065400123596191,14503.0,27.940000534057617,40.630001068115234,1788.5
2020-07-07,1190.9300537109375,107.35900115966797,7.017300128936768,14206.5087890625,29.43000030517578,40.619998931884766,1804.199951171875
2020-07-08,1195.699951171875,107.5780029296875,7.012899875640869,14483.5,28.079999923706055,40.900001525878906,1815.5
2020-07-09,1192.02001953125,107.28299713134766,7.003499984741211,14349.5654296875,29.260000228881836,39.619998931884766,1799.199951171875
2020-07-10,1195.77001953125,107.23600006103516,6.993100166320801,14545.7001953125,27.290000915527344,40.54999923706055,1798.199951171875
2020-07-13,1199.52001953125,106.91000366210938,6.992000102996826,14428.0,32.189998626708984,40.099998474121094,1811.0
2020-07-14,1203.780029296875,107.2760009765625,6.996399879455566,14584.0,29.520000457763672,40.290000915527344,1810.5999755859375
2020-07-15,1203.97998046875,107.24500274658203,6.995800018310547,14715.400390625,27.760000228881836,41.20000076293945,1811.4000244140625
2020-07-16,1200.469970703125,106.91699981689453,6.987800121307373,14561.171875,28.0,40.75,1798.699951171875
2020-07-17,1204.22998046875,107.27799987792969,6.9882001876831055,14552.2099609375,25.68000030517578,40.59000015258789,1808.300048828125
2020-07-20,1202.530029296875,107.08999633789062,6.991199970245361,14688.0,24.459999084472656,40.810001373291016,1815.9000244140625
2020-07-21,1200.030029296875,107.19599914550781,6.9822998046875,14949.2998046875,24.84000015258789,41.959999084472656,1842.4000244140625
2020-07-22,1192.739990234375,106.83200073242188,6.979700088500977,14626.8623046875,24.31999969482422,41.900001525878906,1864.0999755859375
2020-07-23,1197.22998046875,107.17500305175781,6.998700141906738,14630.0,26.079999923706055,41.06999969482422,1889.0999755859375
2020-07-24,1200.93994140625,106.83799743652344,7.0030999183654785,14578.904296875,25.84000015258789,41.290000915527344,1897.300048828125
2020-07-27,1200.489990234375,105.99299621582031,7.01609992980957,14603.0,24.739999771118164,41.599998474121094,1931.0
2020-07-28,1195.9200439453125,105.26100158691406,6.993199825286865,14614.5,25.440000534057617,41.040000915527344,1944.699951171875
2020-07-29,1199.3699951171875,105.10700225830078,6.99970006942749,14633.5,24.100000381469727,41.27000045776367,1953.5
2020-07-30,1190.72998046875,105.03199768066406,7.00029993057251,14458.3447265625,24.760000228881836,39.91999816894531,1942.300048828125
2020-07-31,1189.56005859375,104.68299865722656,7.007299900054932,14486.6689453125,24.459999084472656,40.27000045776367,1962.800048828125
2020-08-03,1193.3900146484375,105.86599731445312,6.9741997718811035,14593.0,24.280000686645508,41.0099983215332,1966.0
2020-08-04,1191.760009765625,106.02999877929688,6.979400157928467,14540.9208984375,23.760000228881836,41.70000076293945,2001.199951171875
2020-08-05,1192.25,105.61399841308594,6.972700119018555,14720.0,22.989999771118164,42.189998626708984,2031.0999755859375
2020-08-06,1185.1800537109375,105.5530014038086,6.934599876403809,14307.642578125,22.649999618530273,41.95000076293945,2051.5
2020-08-07,1183.1700439453125,105.58100128173828,6.952400207519531,14568.45703125,22.209999084472656,41.220001220703125,2010.0999755859375
2020-08-10,1188.1500244140625,105.8499984741211,6.9670000076293945,14618.0,22.1299991607666,41.939998626708984,2024.4000244140625
2020-08-11,1185.18994140625,105.99199676513672,6.9608001708984375,14823.7998046875,24.030000686645508,41.61000061035156,1932.5999755859375
2020-08-12,1184.97998046875,106.52100372314453,6.945300102233887,14858.5,22.280000686645508,42.66999816894531,1934.9000244140625
2020-08-13,1182.75,106.8219985961914,6.936200141906738,14670.8095703125,22.1299991607666,42.2400016784668,1956.699951171875
2020-08-14,1184.1199951171875,106.98600006103516,6.943600177764893,14673.4970703125,22.049999237060547,42.0099983215332,1937.0
2020-08-17,1186.0400390625,106.55400085449219,6.949399948120117,14788.0,21.350000381469727,42.88999938964844,1985.0
2020-08-18,1183.0999755859375,105.99500274658203,6.93179988861084,14969.400390625,21.510000228881836,42.88999938964844,1999.4000244140625
2020-08-19,1183.6400146484375,105.2239990234375,6.92080020904541,14598.072265625,22.540000915527344,42.93000030517578,1958.699951171875
2020-08-20,1181.2099609375,106.0790023803711,6.9191999435424805,14694.197265625,22.719999313354492,42.58000183105469,1933.800048828125
2020-08-21,1184.2900390625,105.66500091552734,6.91480016708374,14543.412109375,22.540000915527344,42.34000015258789,1934.5999755859375
2020-08-24,1191.199951171875,105.87699890136719,6.918499946594238,14764.0,22.3700008392334,42.619998931884766,1927.699951171875
2020-08-25,1188.25,105.99299621582031,6.918900012969971,14629.400390625,22.030000686645508,43.349998474121094,1911.800048828125
2020-08-26,1186.4599609375,106.40499877929688,6.911900043487549,14607.7001953125,23.270000457763672,43.38999938964844,1940.699951171875
2020-08-27,1183.8499755859375,105.85600280761719,6.884900093078613,14447.3828125,24.469999313354492,43.040000915527344,1921.5999755859375
2020-08-28,1186.5799560546875,106.63700103759766,6.889200210571289,14446.00390625,22.959999084472656,42.970001220703125,1964.5999755859375
2020-08-31,1179.5899658203125,105.53500366210938,6.8643999099731445,14618.0,26.40999984741211,42.61000061035156,1967.5999755859375
2020-09-01,1187.0400390625,106.00399780273438,6.847700119018555,14599.7001953125,26.1200008392334,42.7599983215332,1968.199951171875
2020-09-02,1184.9200439453125,105.89600372314453,6.827499866485596,14818.599609375,26.56999969482422,41.5099983215332,1934.4000244140625
2020-09-03,1188.6500244140625,106.20800018310547,6.837299823760986,14565.1474609375,33.599998474121094,41.369998931884766,1927.5999755859375
2020-09-04,1190.780029296875,106.08599853515625,6.845799922943115,14545.9873046875,30.75,39.77000045776367,1923.9000244140625
2020-09-07,1186.4200439453125,106.31099700927734,6.8414998054504395,14741.0,30.75,39.77000045776367,1923.9000244140625
2020-09-08,1186.81005859375,106.30500030517578,6.829500198364258,14795.0,31.459999084472656,36.7599983215332,1933.0
2020-09-09,1189.239990234375,105.96800231933594,6.845099925994873,14915.2001953125,28.809999465942383,38.04999923706055,1944.699951171875
2020-09-10,1184.3800048828125,106.23100280761719,6.8317999839782715,14874.2001953125,29.709999084472656,37.29999923706055,1954.199951171875
2020-09-11,1187.22998046875,106.14299774169922,6.8333001136779785,14857.470703125,26.8700008392334,37.33000183105469,1937.800048828125
2020-09-14,1186.969970703125,106.1449966430664,6.833399772644043,14883.0,25.850000381469727,37.2599983215332,1953.0999755859375
2020-09-15,1180.8399658203125,105.71499633789062,6.809100151062012,14983.5,25.59000015258789,38.279998779296875,1956.300048828125
2020-09-16,1179.25,105.38099670410156,6.780300140380859,14869.599609375,26.040000915527344,40.15999984741211,1960.199951171875
2020-09-17,1172.0699462890625,105.06199645996094,6.753699779510498,14812.5869140625,26.459999084472656,40.970001220703125,1940.0
2020-09-18,1168.6500244140625,104.697998046875,6.764100074768066,14788.0,25.829999923706055,41.11000061035156,1952.0999755859375
2020-09-21,1163.989990234375,104.53700256347656,6.76800012588501,14728.0,27.780000686645508,39.310001373291016,1901.199951171875
2020-09-22,1163.8499755859375,104.69000244140625,6.803699970245361,14839.2001953125,26.860000610351562,39.599998474121094,1898.5999755859375
2020-09-23,1162.5,105.03399658203125,6.77839994430542,14742.5859375,28.579999923706055,39.93000030517578,1859.9000244140625
2020-09-24,1169.72998046875,105.30400085449219,6.808899879455566,14803.9853515625,28.510000228881836,40.310001373291016,1868.300048828125
2020-09-25,1168.5,105.43499755859375,6.827700138092041,14839.578125,26.3799991607666,40.25,1857.699951171875
2020-09-28,1173.43994140625,105.5739974975586,6.822800159454346,14863.0,26.190000534057617,40.599998474121094,1872.800048828125
2020-09-29,1166.4100341796875,105.43299865722656,6.810800075531006,14893.599609375,26.270000457763672,39.290000915527344,1894.300048828125
2020-09-30,1167.8599853515625,105.66400146484375,6.815400123596191,14910.0,26.3700008392334,40.220001220703125,1887.5
2020-10-01,1163.780029296875,105.45099639892578,6.789700031280518,14879.0,26.700000762939453,38.720001220703125,1908.4000244140625
2020-10-02,1161.97998046875,105.54299926757812,6.789400100708008,14817.55859375,27.6299991607666,37.04999923706055,1900.199951171875
2020-10-05,1165.3599853515625,105.51000213623047,6.78980016708374,14853.0,27.959999084472656,39.220001220703125,1912.5
2020-10-06,1156.0899658203125,105.70700073242188,6.78980016708374,14780.1826171875,29.479999542236328,40.66999816894531,1901.0999755859375
2020-10-07,1163.8900146484375,105.63999938964844,6.78980016708374,14773.0,28.059999465942383,39.95000076293945,1883.5999755859375
2020-10-08,1156.5,105.96499633789062,6.789700031280518,14715.5,26.360000610351562,41.189998626708984,1888.5999755859375
2020-10-09,1150.3599853515625,106.01799774169922,6.7891998291015625,14676.99609375,25.0,40.599998474121094,1919.5
2020-10-12,1142.6500244140625,105.63200378417969,6.693699836730957,14693.0,25.06999969482422,39.43000030517578,1922.5
2020-10-13,1146.4000244140625,105.33899688720703,6.7444000244140625,14484.9921875,26.06999969482422,40.20000076293945,1888.5
2020-10-14,1147.8900146484375,105.47000122070312,6.745500087738037,14793.0,26.399999618530273,41.040000915527344,1901.300048828125
2020-10-15,1146.31005859375,105.13899993896484,6.713600158691406,14681.462890625,26.969999313354492,40.959999084472656,1903.199951171875
2020-10-16,1144.1300048828125,105.36000061035156,6.723899841308594,14652.5,27.40999984741211,40.880001068115234,1900.800048828125
2020-10-19,1141.1800537109375,105.427001953125,6.696599960327148,14693.0,29.18000030517578,40.83000183105469,1906.4000244140625
2020-10-20,1137.0,105.47000122070312,6.680699825286865,14708.0,29.350000381469727,41.459999084472656,1910.4000244140625
2020-10-21,1136.0,105.47699737548828,6.67519998550415,14688.0,28.649999618530273,40.029998779296875,1924.5999755859375
2020-10-22,1132.030029296875,104.6760025024414,6.650000095367432,14639.775390625,28.110000610351562,40.63999938964844,1901.0999755859375
2020-10-23,1134.1500244140625,104.9209976196289,6.683499813079834,14639.8525390625,27.549999237060547,39.849998474121094,1902.0
2020-10-26,1127.760009765625,104.68299865722656,6.685699939727783,14642.7822265625,32.459999084472656,38.560001373291016,1902.699951171875
2020-10-27,1131.6400146484375,104.83200073242188,6.711299896240234,14724.2001953125,33.349998474121094,39.56999969482422,1908.800048828125
2020-10-28,1128.22998046875,104.54499816894531,6.704400062561035,14653.2744140625,40.279998779296875,37.38999938964844,1876.199951171875
2020-10-29,1134.1800537109375,104.31500244140625,6.72790002822876,14777.2001953125,37.59000015258789,36.16999816894531,1865.5999755859375
2020-10-30,1129.52001953125,104.55400085449219,6.714000225067139,14818.0,38.02000045776367,35.790000915527344,1877.4000244140625
2020-11-02,1135.6099853515625,104.58000183105469,6.6890997886657715,14586.169921875,37.130001068115234,36.810001373291016,1890.4000244140625
2020-11-03,1132.1400146484375,104.7249984741211,6.689700126647949,14603.9580078125,35.54999923706055,37.65999984741211,1908.5
2020-11-04,1130.3299560546875,104.5459976196289,6.676599979400635,14540.892578125,29.56999969482422,39.150001525878906,1894.5999755859375
2020-11-05,1129.739990234375,104.43800354003906,6.6519999504089355,14360.0,27.579999923706055,38.790000915527344,1945.300048828125
2020-11-06,1122.6300048828125,103.60299682617188,6.605199813842773,14256.0,24.860000610351562,37.13999938964844,1950.300048828125
2020-11-09,1121.1500244140625,103.25299835205078,6.610400199890137,14198.671875,25.75,40.290000915527344,1853.199951171875
2020-11-10,1118.68994140625,105.13700103759766,6.6280999183654785,14256.3603515625,24.799999237060547,41.36000061035156,1875.4000244140625
2020-11-11,1116.0799560546875,105.26000213623047,6.614799976348877,14041.544921875,23.450000762939453,41.45000076293945,1860.699951171875
2020-11-12,1111.449951171875,105.41500091552734,6.630799770355225,13878.9892578125,25.350000381469727,41.119998931884766,1872.5999755859375
2020-11-13,1114.9100341796875,105.08999633789062,6.610599994659424,14133.4912109375,23.100000381469727,40.130001068115234,1885.699951171875
2020-11-16,1107.760009765625,104.6760025024414,6.605400085449219,14135.5595703125,22.450000762939453,41.34000015258789,1887.300048828125
2020-11-17,1106.0899658203125,104.54100036621094,6.583799839019775,14089.2001953125,22.709999084472656,41.43000030517578,1884.5
2020-11-18,1104.949951171875,104.18099975585938,6.555099964141846,14026.451171875,23.84000015258789,41.81999969482422,1873.5
2020-11-19,1105.9000244140625,103.89399719238281,6.559500217437744,14110.2001953125,23.110000610351562,41.7400016784668,1861.0999755859375
2020-11-20,1114.1400146484375,103.82499694824219,6.582399845123291,14189.900390625,23.700000762939453,42.150001525878906,1872.5999755859375
2020-11-23,1113.8299560546875,103.81700134277344,6.5619001388549805,14150.9912109375,22.65999984741211,43.060001373291016,1837.800048828125
2020-11-24,1113.0799560546875,104.5250015258789,6.584499835968018,14164.60546875,21.639999389648438,44.90999984741211,1804.800048828125
2020-11-25,1109.7099609375,104.51300048828125,6.590199947357178,14121.7998046875,21.25,45.709999084472656,1805.699951171875
2020-11-26,1104.489990234375,104.4000015258789,6.577499866485596,14127.470703125,21.25,45.709999084472656,1805.699951171875
2020-11-27,1105.56005859375,104.24199676513672,6.57450008392334,13897.6689453125,20.84000015258789,45.529998779296875,1781.9000244140625
2020-11-30,1104.3299560546875,104.08200073242188,6.576000213623047,14061.64453125,20.56999969482422,45.34000015258789,1775.699951171875
2020-12-01,1108.510009765625,104.29900360107422,6.5777997970581055,14094.935546875,20.770000457763672,44.54999923706055,1814.0999755859375
2020-12-02,1106.280029296875,104.30899810791016,6.570799827575684,14175.0,21.170000076293945,45.279998779296875,1825.699951171875
2020-12-03,1099.3800048828125,104.45800018310547,6.562399864196777,14076.419921875,21.280000686645508,45.63999938964844,1836.800048828125
2020-12-04,1091.3199462890625,103.822998046875,6.541399955749512,14092.798828125,20.790000915527344,46.2599983215332,1835.9000244140625
2020-12-07,1083.780029296875,104.197998046875,6.530600070953369,14076.490234375,21.299999237060547,45.7599983215332,1861.800048828125
2020-12-08,1083.6800537109375,103.99800109863281,6.52869987487793,14143.0,20.68000030517578,45.599998474121094,1870.800048828125
2020-12-09,1084.8599853515625,104.13500213623047,6.531700134277344,14083.0107421875,22.270000457763672,45.52000045776367,1834.5999755859375
2020-12-10,1086.3599853515625,104.27200317382812,6.542200088500977,14150.0,22.520000457763672,46.779998779296875,1833.5999755859375
2020-12-11,1086.3699951171875,104.18199920654297,6.544400215148926,14082.5927734375,23.309999465942383,46.56999969482422,1839.800048828125
2020-12-14,1091.5799560546875,103.93900299072266,6.5457000732421875,14069.1572265625,24.719999313354492,46.9900016784668,1828.699951171875
2020-12-15,1092.06005859375,104.01000213623047,6.549699783325195,14221.900390625,22.889999389648438,47.619998931884766,1852.300048828125
2020-12-16,1088.2099609375,103.63400268554688,6.538300037384033,14190.0,22.5,47.81999969482422,1856.0999755859375
2020-12-17,1091.6500244140625,103.4749984741211,6.531300067901611,14070.537109375,21.93000030517578,48.36000061035156,1887.199951171875
2020-12-18,1092.1600341796875,103.13099670410156,6.532100200653076,14083.8505859375,21.56999969482422,49.099998474121094,1885.699951171875
2020-12-21,1098.97998046875,103.45700073242188,6.535999774932861,14068.9375,25.15999984741211,47.7400016784668,1879.199951171875
2020-12-22,1101.8599853515625,103.33999633789062,6.5482001304626465,14100.7314453125,24.229999542236328,47.02000045776367,1866.5999755859375
2020-12-23,1107.97998046875,103.53399658203125,6.542200088500977,14324.2001953125,23.309999465942383,48.119998931884766,1874.699951171875
2020-12-24,1104.800048828125,103.552001953125,6.539599895477295,14146.9013671875,21.530000686645508,48.22999954223633,1879.9000244140625
2020-12-25,1099.9100341796875,103.65299987792969,6.5289998054504395,14148.6435546875,21.530000686645508,48.22999954223633,1879.9000244140625
2020-12-28,1099.0899658203125,103.53299713134766,6.540800094604492,13911.1435546875,21.700000762939453,47.619998931884766,1877.199951171875
2020-12-29,1095.0,103.68900299072266,6.535600185394287,14126.1201171875,23.079999923706055,48.0,1879.699951171875
2020-12-30,1092.6199951171875,103.55899810791016,6.53000020980835,14069.9091796875,22.770000457763672,48.400001525878906,1891.0
2020-12-31,1086.4200439453125,103.12100219726562,6.522200107574463,13832.5595703125,22.75,48.52000045776367,1893.0999755859375
2021-01-01,1084.6500244140625,103.22599792480469,6.531700134277344,13932.3740234375,22.75,48.52000045776367,1893.0999755859375
2021-01-04,1084.72998046875,103.23899841308594,6.5320000648498535,14022.5009765625,26.969999313354492,47.619998931884766,1944.699951171875
2021-01-05,1086.6199951171875,103.125,6.4604997634887695,13931.400390625,25.34000015258789,49.93000030517578,1952.699951171875
2021-01-06,1086.449951171875,102.6780014038086,6.4552001953125,13930.0,25.06999969482422,50.630001068115234,1906.9000244140625
2021-01-07,1086.949951171875,103.02400207519531,6.460700035095215,13951.5,22.3700008392334,50.83000183105469,1912.300048828125
2021-01-08,1093.0699462890625,103.79000091552734,6.477200031280518,13892.9775390625,21.559999465942383,52.2400016784668,1834.0999755859375
2021-01-11,1092.8199462890625,104.09100341796875,6.474299907684326,13861.392578125,24.079999923706055,52.25,1849.5999755859375
2021-01-12,1096.449951171875,104.12799835205078,6.479700088500977,14088.7353515625,23.329999923706055,53.209999084472656,1842.9000244140625
2021-01-13,1093.5400390625,103.75199890136719,6.462900161743164,14031.078125,22.209999084472656,52.90999984741211,1853.5999755859375
2021-01-14,1097.1099853515625,103.83699798583984,6.4670000076293945,14166.0,23.25,53.56999969482422,1850.300048828125
2021-01-15,1094.9000244140625,103.8280029296875,6.473100185394287,14063.1474609375,24.34000015258789,52.36000061035156,1829.300048828125
2021-01-18,1102.9599609375,103.90799713134766,6.479700088500977,13880.779296875,24.34000015258789,52.36000061035156,1829.300048828125
2021-01-19,1103.0999755859375,103.7030029296875,6.491399765014648,14100.7998046875,23.239999771118164,52.97999954223633,1839.5
2021-01-20,1100.989990234375,103.89700317382812,6.47790002822876,14122.0,21.579999923706055,53.2400016784668,1865.9000244140625
2021-01-21,1096.25,103.55500030517578,6.465400218963623,14037.2001953125,21.31999969482422,53.130001068115234,1865.300048828125
2021-01-22,1099.9000244140625,103.50599670410156,6.461400032043457,13960.76171875,21.90999984741211,52.27000045776367,1855.699951171875
2021-01-25,1104.6400146484375,103.7770004272461,6.480800151824951,14012.8955078125,23.190000534057617,52.77000045776367,1854.9000244140625
2021-01-26,1101.72998046875,103.76000213623047,6.478700160980225,14148.5,23.020000457763672,52.61000061035156,1850.699951171875
2021-01-27,1101.0,103.60299682617188,6.463699817657471,14142.0,37.209999084472656,52.849998474121094,1844.9000244140625
2021-01-28,1107.5,104.14299774169922,6.482100009918213,14195.0,30.209999084472656,52.34000015258789,1837.9000244140625
2021-01-29,1112.2900390625,104.29100036621094,6.448400020599365,13854.8642578125,33.09000015258789,52.20000076293945,1847.300048828125
2021-02-01,1117.4300537109375,104.68599700927734,6.426799774169922,13828.13671875,30.239999771118164,53.54999923706055,1860.800048828125
2021-02-02,1116.8800048828125,104.88099670410156,6.46750020980835,14118.5,25.559999465942383,54.7599983215332,1830.5
2021-02-03,1113.6099853515625,105.02799987792969,6.456399917602539,13995.53515625,22.90999984741211,55.689998626708984,1832.199951171875
2021-02-04,1113.1500244140625,104.99500274658203,6.459199905395508,13983.9521484375,21.770000457763672,56.22999954223633,1788.9000244140625
2021-02-05,1119.1300048828125,105.5719985961914,6.470699787139893,14010.4736328125,20.8700008392334,56.849998474121094,1810.9000244140625
2021-02-08,1116.8499755859375,105.4000015258789,6.465700149536133,14001.103515625,21.239999771118164,57.970001220703125,1831.9000244140625
2021-02-09,1116.3299560546875,105.20999908447266,6.447999954223633,13990.4599609375,21.6299991607666,58.36000061035156,1835.300048828125
2021-02-10,1110.0,104.57499694824219,6.434199810028076,13989.1884765625,21.989999771118164,58.68000030517578,1840.5999755859375
2021-02-11,1103.97998046875,104.61499786376953,6.457200050354004,14027.0,21.25,58.2400016784668,1824.9000244140625
2021-02-12,1102.219970703125,104.74099731445312,6.456900119781494,13976.240234375,19.969999313354492,59.470001220703125,1821.5999755859375
2021-02-15,1103.3699951171875,105.05899810791016,6.457200050354004,13966.0,19.969999313354492,59.470001220703125,1821.5999755859375
2021-02-16,1102.239990234375,105.38700103759766,6.457200050354004,13907.0,21.459999084472656,60.04999923706055,1797.199951171875
2021-02-17,1106.4599609375,106.10299682617188,6.457099914550781,14039.2001953125,21.5,61.13999938964844,1771.0999755859375
2021-02-18,1104.550048828125,105.86100006103516,6.457600116729736,14007.474609375,22.489999771118164,60.52000045776367,1773.4000244140625
2021-02-19,1106.219970703125,105.6520004272461,6.487199783325195,13998.1982421875,22.049999237060547,59.2400016784668,1775.800048828125
2021-02-22,1103.93994140625,105.51399993896484,6.485799789428711,13898.4169921875,23.450000762939453,61.4900016784668,1806.699951171875
2021-02-23,1110.6700439453125,104.98400115966797,6.463099956512451,14107.6962890625,23.110000610351562,61.66999816894531,1804.4000244140625
2021-02-24,1109.31005859375,105.28299713134766,6.4629998207092285,14081.6171875,21.34000015258789,63.220001220703125,1796.4000244140625
2021-02-25,1107.2099609375,105.94400024414062,6.455999851226807,14097.7998046875,28.889999389648438,63.529998779296875,1774.4000244140625
2021-02-26,1119.1300048828125,106.37899780273438,6.453800201416016,13968.185546875,27.950000762939453,61.5,1728.0999755859375
2021-03-01,1123.3699951171875,106.50299835205078,6.47790002822876,14110.5849609375,23.350000381469727,60.63999938964844,1722.5
2021-03-02,1101.8299560546875,106.85099792480469,6.463200092315674,14245.6201171875,24.100000381469727,59.75,1733.0999755859375
2021-03-03,1124.3299560546875,106.75800323486328,6.4695000648498535,14239.181640625,26.670000076293945,61.279998779296875,1715.300048828125
2021-03-04,1129.5,107.05799865722656,6.466800212860107,14349.0,28.56999969482422,63.83000183105469,1700.199951171875
2021-03-05,1133.3499755859375,107.95500183105469,6.468999862670898,14268.8798828125,24.65999984741211,66.08999633789062,1698.0
2021-03-08,1127.489990234375,108.41899871826172,6.495699882507324,14287.392578125,25.469999313354492,65.05000305175781,1677.699951171875
2021-03-09,1140.22998046875,108.93900299072266,6.524600028991699,14344.4755859375,24.030000686645508,64.01000213623047,1716.5999755859375
2021-03-10,1134.9100341796875,108.5770034790039,6.5055999755859375,14393.0,22.559999465942383,64.44000244140625,1721.5
2021-03-11,1136.010009765625,108.43199920654297,6.504899978637695,14398.0,21.90999984741211,66.0199966430664,1722.300048828125
2021-03-12,1129.6400146484375,108.55500030517578,6.493000030517578,14283.900390625,20.690000534057617,65.61000061035156,1719.5
2021-03-15,1134.5,109.11699676513672,6.498499870300293,14385.208984375,20.030000686645508,65.38999938964844,1728.9000244140625
2021-03-16,1131.3900146484375,109.13400268554688,6.498899936676025,14464.0,19.790000915527344,64.80000305175781,1730.5999755859375
2021-03-17,1129.8399658203125,109.02899932861328,6.505000114440918,14427.5,19.229999542236328,64.5999984741211,1726.800048828125
2021-03-18,1121.1300048828125,108.89099884033203,6.502600193023682,14403.0,21.579999923706055,60.0,1732.199951171875
2021-03-19,1126.1099853515625,108.93099975585938,6.504799842834473,14431.0,20.950000762939453,61.41999816894531,1741.4000244140625
2021-03-22,1127.47998046875,108.87100219726562,6.499000072479248,14372.2001953125,18.8799991607666,61.54999923706055,1737.800048828125
2021-03-23,1125.1199951171875,108.7760009765625,6.50629997253418,14375.7998046875,20.299999237060547,57.7599983215332,1724.699951171875
2021-03-24,1133.199951171875,108.5199966430664,6.514900207519531,14505.5,21.200000762939453,61.18000030517578,1732.9000244140625
2021-03-25,1134.47998046875,108.79000091552734,6.514599800109863,14460.0,19.809999465942383,58.560001373291016,1724.9000244140625
2021-03-26,1134.2099609375,109.17900085449219,6.5447998046875,14456.400390625,18.860000610351562,60.970001220703125,1732.199951171875
2021-03-29,1127.9599609375,109.79100036621094,6.540500164031982,14411.0,20.739999771118164,61.560001373291016,1712.0999755859375
2021-03-30,1131.6500244140625,109.83599853515625,6.568699836730957,14511.7001953125,19.610000610351562,60.54999923706055,1683.9000244140625
2021-03-31,1132.3199462890625,110.30500030517578,6.571000099182129,14605.0,19.399999618530273,59.15999984741211,1713.800048828125
2021-04-01,1127.199951171875,110.75,6.551199913024902,14606.0,17.329999923706055,61.45000076293945,1726.5
2021-04-02,1128.06005859375,110.61299896240234,6.5644001960754395,14553.0,17.329999923706055,61.45000076293945,1726.5
2021-04-05,1128.7900390625,110.677001953125,6.566500186920166,14518.0,17.90999984741211,58.650001525878906,1727.0
2021-04-06,1124.1099853515625,110.19300079345703,6.565899848937988,14529.2001953125,18.1200008392334,59.33000183105469,1741.5
2021-04-07,1117.5,109.79299926757812,6.53849983215332,14460.2998046875,17.15999984741211,59.77000045776367,1740.0999755859375
2021-04-08,1117.8599853515625,109.85199737548828,6.540999889373779,14641.0,16.950000762939453,59.599998474121094,1756.800048828125
2021-04-09,1115.8399658203125,109.33000183105469,6.550000190734863,14660.7001953125,16.690000534057617,59.31999969482422,1743.300048828125
2021-04-12,1122.06005859375,109.69400024414062,6.552000045776367,14558.0,16.90999984741211,59.70000076293945,1731.199951171875
2021-04-13,1124.449951171875,109.3740005493164,6.547900199890137,14611.900390625,16.649999618530273,60.18000030517578,1746.199951171875
2021-04-14,1120.68994140625,108.92400360107422,6.542600154876709,14621.099609375,16.989999771118164,63.150001525878906,1734.9000244140625
2021-04-15,1116.1099853515625,108.89399719238281,6.52810001373291,14673.7998046875,16.56999969482422,63.459999084472656,1765.4000244140625
2021-04-16,1115.6700439453125,108.68900299072266,6.521299839019775,14616.0,16.25,63.130001068115234,1779.0
2021-04-19,1115.6500244140625,108.71900177001953,6.511099815368652,14558.0,17.290000915527344,63.380001068115234,1769.4000244140625
2021-04-20,1114.469970703125,108.0979995727539,6.509300231933594,14570.0,18.68000030517578,62.439998626708984,1777.300048828125
2021-04-21,1116.1099853515625,108.13300323486328,6.498499870300293,14543.2001953125,17.5,61.349998474121094,1792.300048828125
2021-04-22,1115.6600341796875,108.03900146484375,6.489999771118164,14564.2001953125,18.709999084472656,61.43000030517578,1781.199951171875
2021-04-23,1118.5899658203125,107.97799682617188,6.490300178527832,14606.599609375,17.329999923706055,62.13999938964844,1777.0
2021-04-26,1114.1300048828125,107.8740005493164,6.4944000244140625,14518.0,17.639999389648438,61.90999984741211,1779.199951171875
2021-04-27,1109.22998046875,108.2020034790039,6.484499931335449,14459.599609375,17.559999465942383,62.939998626708984,1778.0
2021-04-28,1112.1500244140625,108.75,6.482100009918213,14516.400390625,17.280000686645508,63.86000061035156,1773.199951171875
2021-04-29,1108.6600341796875,108.50499725341797,6.47790002822876,14519.0,17.610000610351562,65.01000213623047,1768.0999755859375
2021-04-30,1106.6300048828125,108.90399932861328,6.471199989318848,14439.7001953125,18.610000610351562,63.58000183105469,1767.300048828125
2021-05-03,1116.760009765625,109.28299713134766,6.473499774932861,14438.0,18.309999465942383,64.48999786376953,1791.4000244140625
2021-05-04,1120.4000244140625,109.08699798583984,6.472799777984619,14399.099609375,19.479999542236328,65.69000244140625,1775.800048828125
2021-05-05,1124.9100341796875,109.3290023803711,6.472799777984619,14482.5,19.149999618530273,65.62999725341797,1784.0999755859375
2021-05-06,1123.989990234375,109.21900177001953,6.4730000495910645,14399.5,18.389999389648438,64.70999908447266,1815.5
2021-05-07,1119.3900146484375,109.05000305175781,6.463200092315674,14283.7998046875,16.690000534057617,64.9000015258789,1831.0999755859375
2021-05-10,1111.969970703125,108.5719985961914,6.43149995803833,14278.0,19.65999984741211,64.91999816894531,1837.5
2021-05-11,1115.5400390625,108.84400177001953,6.41510009765625,14189.599609375,21.84000015258789,65.27999877929688,1835.9000244140625
2021-05-12,1118.22998046875,108.71499633789062,6.428299903869629,14220.0,27.59000015258789,66.08000183105469,1822.5999755859375
2021-05-13,1131.5999755859375,109.66400146484375,6.4552001953125,14347.0,23.1299991607666,63.81999969482422,1823.800048828125
2021-05-14,1125.699951171875,109.51599884033203,6.450900077819824,14300.2998046875,18.809999465942383,65.37000274658203,1837.9000244140625
2021-05-17,1125.530029296875,109.41200256347656,6.436100006103516,14191.0,19.719999313354492,66.2699966430664,1867.5
2021-05-18,1135.510009765625,109.24199676513672,6.438199996948242,14344.5,21.34000015258789,65.48999786376953,1867.800048828125
2021-05-19,1127.1400146484375,108.86799621582031,6.424200057983398,14362.2998046875,22.18000030517578,63.36000061035156,1881.300048828125
2021-05-20,1130.3699951171875,109.27300262451172,6.434000015258789,14389.7001953125,20.670000076293945,62.04999923706055,1881.800048828125
2021-05-21,1127.050048828125,108.86000061035156,6.433899879455566,14397.2998046875,20.149999618530273,63.58000183105469,1876.699951171875
2021-05-24,1126.7900390625,108.91899871826172,6.433199882507324,14348.0,18.399999618530273,66.05000305175781,1884.5999755859375
2021-05-25,1122.18994140625,108.85099792480469,6.418300151824951,14365.0,18.84000015258789,66.06999969482422,1898.0999755859375
2021-05-26,1121.3800048828125,108.802001953125,6.409999847412109,14371.400390625,17.360000610351562,66.20999908447266,1901.300048828125
2021-05-27,1115.52001953125,109.16999816894531,6.390699863433838,14310.0,16.739999771118164,66.8499984741211,1895.699951171875
2021-05-28,1117.300048828125,109.80899810791016,6.381999969482422,14318.0,16.760000228881836,66.31999969482422,1902.5
2021-05-31,1112.8499755859375,109.90699768066406,6.367400169372559,14278.0,16.760000228881836,66.31999969482422,1902.5
2021-06-01,1106.97998046875,109.49299621582031,6.36899995803833,14247.5,17.899999618530273,67.72000122070312,1902.9000244140625
2021-06-02,1107.2099609375,109.49299621582031,6.38070011138916,14251.5,17.479999542236328,68.83000183105469,1907.5
2021-06-03,1109.8800048828125,109.59500122070312,6.380099773406982,14290.7001953125,18.040000915527344,68.80999755859375,1871.199951171875
2021-06-04,1115.43994140625,110.26599884033203,6.402699947357178,14360.0,16.420000076293945,69.62000274658203,1889.800048828125
2021-06-07,1109.6800537109375,109.61699676513672,6.3942999839782715,14288.0,16.420000076293945,69.2300033569336,1896.800048828125
2021-06-08,1109.3199462890625,109.27400207519531,6.396299839019775,14246.5,17.06999969482422,70.05000305175781,1892.199951171875
2021-06-09,1116.8900146484375,109.46900177001953,6.399499893188477,14281.0,17.889999389648438,69.95999908447266,1893.199951171875
2021-06-10,1116.4100341796875,109.61000061035156,6.386499881744385,14300.0,16.100000381469727,70.29000091552734,1894.199951171875
2021-06-11,1111.260009765625,109.40899658203125,6.392300128936768,14248.5,15.649999618530273,70.91000366210938,1877.4000244140625
2021-06-14,1115.550048828125,109.70899963378906,6.39769983291626,14182.0,16.389999389648438,70.87999725341797,1864.0
2021-06-15,1116.3199462890625,110.04100036621094,6.397200107574463,14267.5,17.020000457763672,72.12000274658203,1854.5
2021-06-16,1116.030029296875,110.08399963378906,6.40500020980835,14280.2998046875,18.149999618530273,72.1500015258789,1859.5
2021-06-17,1131.949951171875,110.7699966430664,6.396699905395508,14466.5,17.75,71.04000091552734,1773.800048828125
2021-06-18,1133.5400390625,110.32499694824219,6.447400093078613,14554.7001953125,20.700000762939453,71.63999938964844,1767.9000244140625
2021-06-21,1134.25,110.20099639892578,6.452099800109863,14368.0,17.889999389648438,73.66000366210938,1781.800048828125
2021-06-22,1130.3399658203125,110.3740005493164,6.46589994430542,14388.7998046875,16.65999984741211,73.05999755859375,1776.300048828125
2021-06-23,1132.510009765625,110.65399932861328,6.480299949645996,14495.0,16.31999969482422,73.08000183105469,1782.300048828125
2021-06-24,1132.6099853515625,111.01200103759766,6.4730000495910645,14413.2998046875,15.970000267028809,73.30000305175781,1775.5999755859375
2021-06-25,1130.800048828125,110.9209976196289,6.4710001945495605,14511.2001953125,15.619999885559082,74.05000305175781,1776.5999755859375
2021-06-28,1125.3399658203125,110.8219985961914,6.446300029754639,14418.0,15.760000228881836,72.91000366210938,1779.5999755859375
2021-06-29,1129.0400390625,110.60299682617188,6.455100059509277,14525.0,16.020000457763672,72.9800033569336,1762.800048828125
2021-06-30,1130.510009765625,110.53500366210938,6.463099956512451,14629.099609375,15.829999923706055,73.47000122070312,1770.800048828125
2021-07-01,1129.5999755859375,111.1240005493164,6.456200122833252,14601.599609375,15.479999542236328,75.2300033569336,1775.9000244140625
2021-07-02,1132.4100341796875,111.5719985961914,6.467599868774414,14581.400390625,15.069999694824219,75.16000366210938,1782.5999755859375
2021-07-05,1129.77001953125,111.13500213623047,6.472099781036377,14526.0,15.069999694824219,75.16000366210938,1782.5999755859375
2021-07-06,1129.43994140625,110.91600036621094,6.462800025939941,14495.0,16.440000534057617,73.37000274658203,1793.5
2021-07-07,1135.47998046875,110.60199737548828,6.478099822998047,14568.7001953125,16.200000762939453,72.19999694824219,1801.5
2021-07-08,1140.52001953125,110.63500213623047,6.471499919891357,14569.2001953125,19.0,72.94000244140625,1799.5999755859375
2021-07-09,1146.280029296875,109.8010025024414,6.489099979400635,14618.7001953125,16.18000030517578,74.55999755859375,1810.0
2021-07-12,1144.31005859375,110.21499633789062,6.478000164031982,14521.0,16.170000076293945,74.0999984741211,1805.5
2021-07-13,1141.0999755859375,110.32499694824219,6.474599838256836,14558.5,17.1200008392334,75.25,1809.4000244140625
2021-07-14,1148.699951171875,110.59500122070312,6.46750020980835,14542.099609375,16.329999923706055,73.12999725341797,1824.300048828125
2021-07-15,1143.4100341796875,109.98400115966797,6.468299865722656,14473.0,17.010000228881836,71.6500015258789,1828.4000244140625
2021-07-16,1140.1199951171875,109.77799987792969,6.460100173950195,14563.0,18.450000762939453,71.80999755859375,1814.5
2021-07-19,1141.5,109.8740005493164,6.4781999588012695,14491.0,22.5,66.41999816894531,1808.699951171875
2021-07-20,1150.0699462890625,109.53399658203125,6.4893999099731445,14664.5,19.729999542236328,67.41999816894531,1810.9000244140625
2021-07-21,1147.47998046875,109.91999816894531,6.48390007019043,14620.0,17.90999984741211,70.30000305175781,1802.9000244140625
2021-07-22,1148.68994140625,110.25499725341797,6.4670000076293945,14536.0,17.690000534057617,71.91000366210938,1805.0
2021-07-23,1149.9100341796875,110.13999938964844,6.469699859619141,14548.7001953125,17.200000762939453,72.06999969482422,1801.4000244140625
2021-07-26,1151.1199951171875,110.54399871826172,6.480400085449219,14486.0,17.579999923706055,71.91000366210938,1798.699951171875
2021-07-27,1151.760009765625,110.302001953125,6.4816999435424805,14523.5,19.360000610351562,71.6500015258789,1799.5
2021-07-28,1153.56005859375,109.80599975585938,6.509699821472168,14554.0,18.309999465942383,72.38999938964844,1799.5
2021-07-29,1149.4100341796875,109.89099884033203,6.4893999099731445,14462.599609375,17.700000762939453,73.62000274658203,1831.199951171875
2021-07-30,1142.1199951171875,109.40899658203125,6.4552998542785645,14450.0,18.239999771118164,73.94999694824219,1812.5999755859375
2021-08-02,1150.9300537109375,109.70600128173828,6.4604997634887695,14456.0,19.459999084472656,71.26000213623047,1818.0999755859375
2021-08-03,1149.56005859375,109.26899719238281,6.460999965667725,14397.400390625,18.040000915527344,70.55999755859375,1810.0999755859375
2021-08-04,1148.5799560546875,108.99099731445312,6.469200134277344,14349.5,17.969999313354492,68.1500015258789,1810.5
2021-08-05,1144.06005859375,109.52899932861328,6.465199947357178,14338.599609375,17.280000686645508,69.08999633789062,1805.0999755859375
2021-08-06,1143.1199951171875,109.75199890136719,6.460299968719482,14385.5,16.149999618530273,68.27999877929688,1760.0
2021-08-09,1144.9200439453125,110.25900268554688,6.482500076293945,14346.0,16.719999313354492,66.4800033569336,1723.4000244140625
2021-08-10,1145.8900146484375,110.30599975585938,6.485199928283691,14402.099609375,16.790000915527344,68.29000091552734,1728.800048828125
2021-08-11,1152.47998046875,110.5979995727539,6.484899997711182,14393.099609375,16.170000076293945,69.25,1750.4000244140625
2021-08-12,1152.8499755859375,110.3740005493164,6.4781999588012695,14395.0,15.59000015258789,69.08999633789062,1749.0
2021-08-13,1162.06005859375,110.40299987792969,6.478300094604492,14341.0,15.449999809265137,68.44000244140625,1775.199951171875
2021-08-16,1161.3800048828125,109.6240005493164,6.476399898529053,14381.0,16.1200008392334,67.29000091552734,1786.9000244140625
2021-08-17,1164.5,109.2969970703125,6.473599910736084,14363.0,17.90999984741211,66.58999633789062,1785.0
2021-08-18,1176.449951171875,109.53700256347656,6.485099792480469,14425.099609375,21.56999969482422,65.45999908447266,1781.5999755859375
2021-08-19,1169.6800537109375,109.84200286865234,6.4832000732421875,14454.2001953125,21.670000076293945,63.689998626708984,1780.199951171875
2021-08-20,1175.3900146484375,109.76799774169922,6.49370002746582,14493.400390625,18.559999465942383,62.31999969482422,1781.0
2021-08-23,1174.239990234375,109.83999633789062,6.491600036621094,14446.0,17.149999618530273,65.63999938964844,1803.199951171875
2021-08-24,1167.6099853515625,109.6780014038086,6.480000019073486,14430.0,17.219999313354492,67.54000091552734,1805.5999755859375
2021-08-25,1163.469970703125,109.7300033569336,6.469900131225586,14448.7001953125,16.790000915527344,68.36000061035156,1788.199951171875
2021-08-26,1163.3299560546875,109.97599792480469,6.474899768829346,14465.7001953125,18.84000015258789,67.41999816894531,1792.199951171875
2021-08-27,1170.0,110.0479965209961,6.480500221252441,14449.2998046875,16.389999389648438,68.73999786376953,1816.5999755859375
2021-08-30,1161.3299560546875,109.86499786376953,6.470799922943115,14411.0,16.190000534057617,69.20999908447266,1809.0
2021-08-31,1165.510009765625,109.94400024414062,6.465099811553955,14362.0,16.479999542236328,68.5,1815.0
2021-09-01,1158.4100341796875,110.05599975585938,6.45959997177124,14246.5,16.110000610351562,68.58999633789062,1813.0999755859375
2021-09-02,1155.280029296875,110.09600067138672,6.459000110626221,14269.2001953125,16.40999984741211,69.98999786376953,1808.699951171875
2021-09-03,1157.1300048828125,109.94499969482422,6.455399990081787,14245.5,16.40999984741211,69.29000091552734,1830.9000244140625
2021-09-06,1154.75,109.76399993896484,6.451900005340576,14256.0,16.40999984741211,69.29000091552734,1830.9000244140625
2021-09-07,1155.5400390625,109.81999969482422,6.456699848175049,14231.400390625,18.139999389648438,68.3499984741211,1795.9000244140625
2021-09-08,1161.0,110.2959976196289,6.4654998779296875,14279.2001953125,17.959999084472656,69.30000305175781,1790.699951171875
2021-09-09,1166.489990234375,110.21800231933594,6.460700035095215,14326.400390625,18.799999237060547,68.13999938964844,1797.4000244140625
2021-09-10,1169.1300048828125,109.78099822998047,6.4542999267578125,14258.7998046875,20.950000762939453,69.72000122070312,1789.5999755859375
2021-09-13,1169.3800048828125,109.91500091552734,6.443399906158447,14196.0,19.3700008392334,70.44999694824219,1792.0
2021-09-14,1171.1099853515625,109.99400329589844,6.450799942016602,14291.599609375,19.459999084472656,70.45999908447266,1804.699951171875
2021-09-15,1170.800048828125,109.71900177001953,6.438300132751465,14249.7001953125,18.18000030517578,72.61000061035156,1792.4000244140625
2021-09-16,1165.219970703125,109.38300323486328,6.431399822235107,14264.5,18.690000534057617,72.61000061035156,1754.5999755859375
2021-09-17,1174.4200439453125,109.6989974975586,6.456600189208984,14283.900390625,20.809999465942383,71.97000122070312,1749.4000244140625
2021-09-20,1181.1099853515625,109.97100067138672,6.465199947357178,14221.0,25.709999084472656,70.29000091552734,1761.800048828125
2021-09-21,1186.3199462890625,109.43699645996094,6.465000152587891,14320.5,24.360000610351562,70.55999755859375,1776.0
2021-09-22,1182.9200439453125,109.14900207519531,6.466000080108643,14237.5,20.8700008392334,72.2300033569336,1776.699951171875
2021-09-23,1181.030029296875,109.8219985961914,6.4608001708984375,14279.2001953125,18.6299991607666,73.30000305175781,1747.699951171875
2021-09-24,1174.699951171875,110.32599639892578,6.457900047302246,14286.5,17.75,73.9800033569336,1749.699951171875
2021-09-27,1179.199951171875,110.76399993896484,6.465700149536133,14251.0,18.760000228881836,75.44999694824219,1750.0
2021-09-28,1176.9599609375,110.96399688720703,6.455999851226807,14242.5,23.25,75.29000091552734,1735.800048828125
2021-09-29,1186.8900146484375,111.52799987792969,6.459000110626221,14318.599609375,22.559999465942383,74.83000183105469,1721.5
2021-09-30,1187.4300537109375,111.93599700927734,6.469600200653076,14385.0,23.139999389648438,75.02999877929688,1755.300048828125
2021-10-01,1183.719970703125,111.46099853515625,6.445499897003174,14328.599609375,21.100000381469727,75.87999725341797,1757.0
2021-10-04,1180.0,110.9469985961914,6.445700168609619,14301.0,22.959999084472656,77.62000274658203,1766.199951171875
2021-10-05,1183.780029296875,110.96800231933594,6.445199966430664,14300.5,21.299999237060547,78.93000030517578,1759.5999755859375
2021-10-06,1187.1700439453125,111.48699951171875,6.445199966430664,14246.0,21.0,77.43000030517578,1760.5
2021-10-07,1191.3800048828125,111.41300201416016,6.445199966430664,14232.400390625,19.540000915527344,78.30000305175781,1757.9000244140625
2021-10-08,1191.1500244140625,111.66200256347656,6.445199966430664,14170.7998046875,18.770000457763672,79.3499984741211,1756.300048828125
2021-10-11,1195.5799560546875,112.2699966430664,6.442299842834473,14216.0,20.0,80.5199966430664,1754.5999755859375
2021-10-12,1195.800048828125,113.38800048828125,6.4496002197265625,14194.0,19.850000381469727,80.63999938964844,1758.300048828125
2021-10-13,1196.8900146484375,113.51899719238281,6.447999954223633,14221.2001953125,18.639999389648438,80.44000244140625,1793.699951171875
2021-10-14,1186.7099609375,113.3010025024414,6.426599979400635,14219.7001953125,16.860000610351562,81.30999755859375,1796.699951171875
2021-10-15,1182.1300048828125,113.83399963378906,6.439000129699707,14078.5,16.299999237060547,82.27999877929688,1767.199951171875
2021-10-18,1181.7900390625,114.3239974975586,6.434800148010254,14067.0,16.309999465942383,82.44000244140625,1764.800048828125
2021-10-19,1185.6800537109375,114.28500366210938,6.428899765014648,14157.2001953125,15.699999809265137,82.95999908447266,1769.699951171875
2021-10-20,1175.6500244140625,114.54299926757812,6.381800174713135,14116.7998046875,15.489999771118164,83.87000274658203,1784.0999755859375
2021-10-21,1174.5899658203125,114.38899993896484,6.392899990081787,14119.7998046875,15.010000228881836,82.5,1781.199951171875
2021-10-22,1176.550048828125,113.8499984741211,6.3917999267578125,14175.0,15.430000305175781,83.76000213623047,1795.5
2021-10-25,1176.5400390625,113.66400146484375,6.383900165557861,14116.0,15.239999771118164,83.76000213623047,1806.0
2021-10-26,1167.06005859375,113.76499938964844,6.384699821472168,14193.5,15.979999542236328,84.6500015258789,1792.699951171875
2021-10-27,1167.3299560546875,114.18800354003906,6.381499767303467,14175.7001953125,16.979999542236328,82.66000366210938,1797.9000244140625
2021-10-28,1172.1700439453125,113.7760009765625,6.391600131988525,14217.099609375,16.530000686645508,82.80999755859375,1801.5999755859375
2021-10-29,1167.3699951171875,113.61599731445312,6.390399932861328,14229.0,16.260000228881836,83.56999969482422,1783.0
2021-11-01,1174.3800048828125,114.23600006103516,6.404699802398682,14228.5,16.40999984741211,84.05000305175781,1795.0999755859375
2021-11-02,1176.5699462890625,114.09400177001953,6.396200180053711,14276.599609375,16.030000686645508,83.91000366210938,1788.699951171875
2021-11-03,1178.0400390625,113.96199798583984,6.398900032043457,14289.900390625,15.100000381469727,80.86000061035156,1763.5999755859375
2021-11-04,1179.3399658203125,114.06999969482422,6.406199932098389,14366.0,15.4399995803833,78.80999755859375,1793.0
2021-11-05,1185.8299560546875,113.83699798583984,6.396399974822998,14414.0,16.479999542236328,81.2699966430664,1816.4000244140625
2021-11-08,1180.5,113.4749984741211,6.397900104522705,14319.7998046875,17.219999313354492,81.93000030517578,1827.4000244140625
2021-11-09,1199.8599853515625,113.25399780273438,6.391600131988525,14252.0,17.780000686645508,84.1500015258789,1830.199951171875
2021-11-10,1177.5,112.91200256347656,6.39169979095459,14290.0,18.729999542236328,81.33999633789062,1847.5999755859375
2021-11-11,1184.1400146484375,113.90499877929688,6.3881001472473145,14302.400390625,17.65999984741211,81.58999633789062,1863.199951171875
2021-11-12,1183.1099853515625,114.04299926757812,6.389500141143799,14261.7001953125,16.290000915527344,80.79000091552734,1867.9000244140625
2021-11-15,1179.1099853515625,113.98100280761719,6.378600120544434,14186.7001953125,16.489999771118164,80.87999725341797,1866.0999755859375
2021-11-16,1183.510009765625,114.13200378417969,6.3821001052856445,14185.400390625,16.3700008392334,80.76000213623047,1853.5999755859375
2021-11-17,1184.050048828125,114.90399932861328,6.39109992980957,14274.2001953125,17.110000610351562,78.36000061035156,1869.699951171875
2021-11-18,1181.22998046875,114.19000244140625,6.3769001960754395,14223.7998046875,17.59000015258789,79.01000213623047,1861.0
2021-11-19,1182.9000244140625,114.28199768066406,6.385000228881836,14204.7001953125,17.90999984741211,76.0999984741211,1851.199951171875
2021-11-22,1191.6300048828125,114.13800048828125,6.386199951171875,14265.099609375,19.170000076293945,76.75,1806.0
2021-11-23,1189.5,114.79000091552734,6.384300231933594,14259.599609375,19.3799991607666,78.5,1783.5
2021-11-24,1189.949951171875,115.14099884033203,6.3907999992370605,14272.5,18.579999923706055,78.38999938964844,1784.0999755859375
2021-11-25,1187.8800048828125,115.40799713134766,6.3917999267578125,14303.400390625,18.579999923706055,78.38999938964844,1784.0999755859375
2021-11-26,1190.219970703125,115.06900024414062,6.386000156402588,14320.0,28.6200008392334,68.1500015258789,1785.300048828125
2021-11-29,1194.6099853515625,113.71900177001953,6.392000198364258,14408.2001953125,22.959999084472656,69.94999694824219,1782.300048828125
2021-11-30,1190.739990234375,113.80400085449219,6.38700008392334,14377.0,27.190000534057617,66.18000030517578,1773.5999755859375
2021-12-01,1182.8599853515625,113.29900360107422,6.3632001876831055,14333.0,31.1200008392334,65.56999969482422,1781.5999755859375
2021-12-02,1177.1099853515625,112.88200378417969,6.367300033569336,14376.0,27.950000762939453,66.5,1760.699951171875
2021-12-03,1176.77001953125,113.02200317382812,6.3755998611450195,14443.7998046875,30.670000076293945,66.26000213623047,1782.0
2021-12-06,1183.1400146484375,113.04199981689453,6.37529993057251,14514.0,27.18000030517578,69.48999786376953,1777.5
2021-12-07,1180.56005859375,113.45800018310547,6.374800205230713,14490.0,21.889999389648438,72.05000305175781,1782.5999755859375
2021-12-08,1176.8399658203125,113.5250015258789,6.366300106048584,14393.2998046875,19.899999618530273,72.36000061035156,1783.4000244140625
2021-12-09,1172.56005859375,113.68399810791016,6.343699932098389,14335.0,21.579999923706055,70.94000244140625,1774.5999755859375
2021-12-10,1177.3299560546875,113.447998046875,6.376500129699707,14297.400390625,18.690000534057617,71.66999816894531,1782.9000244140625
2021-12-13,1178.969970703125,113.5009994506836,6.360000133514404,14351.900390625,20.309999465942383,71.29000091552734,1786.300048828125
2021-12-14,1185.0999755859375,113.5770034790039,6.365499973297119,14324.7001953125,21.889999389648438,70.7300033569336,1770.4000244140625
2021-12-15,1184.22998046875,113.74299621582031,6.366499900817871,14342.5,19.290000915527344,70.87000274658203,1762.5999755859375
2021-12-16,1184.4000244140625,114.13600158691406,6.366499900817871,14297.5,20.56999969482422,72.37999725341797,1796.5999755859375
2021-12-17,1186.1500244140625,113.66300201416016,6.367199897766113,14380.0,21.56999969482422,70.86000061035156,1803.800048828125
2021-12-20,1186.3900146484375,113.51799774169922,6.374000072479248,14385.7001953125,22.8700008392334,68.2300033569336,1793.699951171875
2021-12-21,1190.1199951171875,113.66200256347656,6.374599933624268,14388.7001953125,21.010000228881836,71.12000274658203,1787.9000244140625
2021-12-22,1191.27001953125,113.99400329589844,6.37060022354126,14263.900390625,18.6299991607666,72.76000213623047,1801.5999755859375
2021-12-23,1187.77001953125,114.12100219726562,6.369100093841553,14193.7998046875,17.959999084472656,73.79000091552734,1811.199951171875
2021-12-24,1185.5,114.45800018310547,6.368800163269043,14167.7998046875,17.959999084472656,73.79000091552734,1811.199951171875
2021-12-27,1185.9200439453125,114.33300018310547,6.366600036621094,14189.2998046875,17.68000030517578,75.56999969482422,1808.0999755859375
2021-12-28,1185.6500244140625,114.79199981689453,6.369800090789795,14220.0,17.540000915527344,75.9800033569336,1810.199951171875
2021-12-29,1187.8499755859375,114.77300262451172,6.367199897766113,14238.2001953125,16.950000762939453,76.55999755859375,1805.0999755859375
2021-12-30,1183.6700439453125,114.947998046875,6.367300033569336,14237.0,17.329999923706055,76.98999786376953,1812.699951171875
2021-12-31,1189.8900146484375,115.06300354003906,6.372099876403809,14285.2001953125,17.219999313354492,75.20999908447266,1827.5
2022-01-03,1187.780029296875,115.14199829101562,6.354899883270264,14215.0,16.600000381469727,76.08000183105469,1799.4000244140625
2022-01-04,1194.6800537109375,115.3280029296875,6.355100154876709,14283.599609375,16.90999984741211,76.98999786376953,1814.0
2022-01-05,1196.5,116.17400360107422,6.354300022125244,14385.5,19.729999542236328,77.8499984741211,1824.5999755859375
2022-01-06,1199.25,116.12799835205078,6.354000091552734,14446.5,19.610000610351562,79.45999908447266,1788.699951171875
2022-01-07,1205.780029296875,115.86499786376953,6.381899833679199,14408.0,18.760000228881836,78.9000015258789,1797.0
2022-01-10,1196.8800048828125,115.61799621582031,6.376200199127197,14318.5,19.399999618530273,78.2300033569336,1798.4000244140625
2022-01-11,1198.0899658203125,115.27799987792969,6.373899936676025,14313.0,18.40999984741211,81.22000122070312,1818.5999755859375
2022-01-12,1189.4300537109375,115.33100128173828,6.372900009155273,14277.0,17.6200008392334,82.63999938964844,1827.199951171875
2022-01-13,1185.8800048828125,114.67500305175781,6.357600212097168,14298.900390625,20.309999465942383,82.12000274658203,1821.199951171875
2022-01-14,1186.6099853515625,114.11799621582031,6.358099937438965,14276.0,19.190000534057617,83.81999969482422,1816.5
2022-01-17,1188.9599609375,114.30599975585938,6.351500034332275,14314.5,19.190000534057617,83.81999969482422,1816.5
2022-01-18,1190.06005859375,114.57099914550781,6.346700191497803,14349.7001953125,22.790000915527344,85.43000030517578,1812.300048828125
2022-01-19,1192.97998046875,114.55400085449219,6.352200031280518,14382.2998046875,23.850000381469727,86.95999908447266,1843.0999755859375
2022-01-20,1188.1600341796875,114.34700012207031,6.343500137329102,14362.7998046875,25.59000015258789,86.9000015258789,1842.5
2022-01-21,1192.4300537109375,113.99299621582031,6.3394999504089355,14343.0,28.850000381469727,85.13999938964844,1831.800048828125
2022-01-24,1191.5,113.78500366210938,6.337699890136719,14329.7001953125,29.899999618530273,83.30999755859375,1841.699951171875
2022-01-25,1195.6600341796875,114.01100158691406,6.329800128936768,14365.0,31.15999984741211,85.5999984741211,1852.699951171875
2022-01-26,1196.0999755859375,113.875,6.326499938964844,14330.5,31.959999084472656,87.3499984741211,1829.9000244140625
2022-01-27,1200.6300048828125,114.72100067138672,6.3196001052856445,14366.400390625,30.489999771118164,86.61000061035156,1793.300048828125
2022-01-28,1203.4599609375,115.35199737548828,6.3668999671936035,14389.2001953125,27.65999984741211,86.81999969482422,1784.9000244140625
2022-01-31,1207.7099609375,115.26200103759766,6.35099983215332,14381.599609375,24.829999923706055,88.1500015258789,1795.0
2022-02-01,1205.1199951171875,115.12100219726562,6.359499931335449,14350.0,21.959999084472656,88.19999694824219,1800.300048828125
2022-02-02,1202.5,114.73600006103516,6.359499931335449,14322.2998046875,22.09000015258789,88.26000213623047,1809.199951171875
2022-02-03,1199.9599609375,114.38200378417969,6.359499931335449,14363.7998046875,24.350000381469727,90.2699966430664,1803.0
2022-02-04,1200.3299560546875,114.95700073242188,6.359499931335449,14377.0,23.219999313354492,92.30999755859375,1806.5999755859375
2022-02-07,1197.0899658203125,115.2239990234375,6.359499931335449,14400.400390625,22.860000610351562,91.31999969482422,1820.5999755859375
2022-02-08,1196.8499755859375,115.06300354003906,6.35230016708374,14405.599609375,21.440000534057617,89.36000061035156,1826.5999755859375
2022-02-09,1196.3599853515625,115.53099822998047,6.365699768066406,14379.5,19.959999084472656,89.66000366210938,1835.199951171875
2022-02-10,1194.030029296875,115.60199737548828,6.361400127410889,14334.2001953125,23.90999984741211,89.87999725341797,1836.199951171875
2022-02-11,1199.3499755859375,116.0469970703125,6.35260009765625,14328.0,27.360000610351562,93.0999984741211,1840.800048828125
2022-02-14,1199.239990234375,115.58399963378906,6.353099822998047,14344.7001953125,28.329999923706055,95.45999908447266,1868.0
2022-02-15,1197.3599853515625,115.53600311279297,6.355899810791016,14303.0,25.700000762939453,92.06999969482422,1854.800048828125
2022-02-16,1196.8299560546875,115.63500213623047,6.3379998207092285,14260.599609375,24.290000915527344,93.66000366210938,1870.199951171875
2022-02-17,1196.75,115.38700103759766,6.335599899291992,14274.400390625,28.110000610351562,91.76000213623047,1900.699951171875
2022-02-18,1198.6600341796875,114.86599731445312,6.3358001708984375,14348.0,27.75,91.06999969482422,1898.5999755859375
2022-02-21,1195.0699462890625,114.96099853515625,6.32420015335083,14365.900390625,27.75,91.06999969482422,1898.5999755859375
2022-02-22,1194.6800537109375,114.60900115966797,6.334199905395508,14355.0,28.809999465942383,92.3499984741211,1906.0999755859375
2022-02-23,1192.6800537109375,115.09600067138672,6.325300216674805,14395.0,31.020000457763672,92.0999984741211,1909.199951171875
2022-02-24,1192.4000244140625,114.89800262451172,6.312300205230713,14365.0,30.31999969482422,92.80999755859375,1925.0999755859375
2022-02-25,1206.0,115.57099914550781,6.3267998695373535,14452.5,27.59000015258789,91.58999633789062,1886.5
2022-02-28,1197.5899658203125,115.58499908447266,6.315999984741211,14334.2001953125,30.149999618530273,95.72000122070312,1899.4000244140625
2022-03-01,1200.9300537109375,115.0780029296875,6.3084001541137695,14360.0,33.31999969482422,103.41000366210938,1942.4000244140625
2022-03-02,1205.3699951171875,114.83300018310547,6.311500072479248,14425.0,30.739999771118164,110.5999984741211,1920.9000244140625
2022-03-03,1203.1500244140625,115.51899719238281,6.3196001052856445,14387.5,30.479999542236328,107.66999816894531,1934.4000244140625
2022-03-04,1205.989990234375,115.4739990234375,6.319200038909912,14358.400390625,31.979999542236328,115.68000030517578,1965.0999755859375
2022-03-07,1216.7099609375,114.94999694824219,6.316699981689453,14381.7001953125,36.45000076293945,119.4000015258789,1993.9000244140625
2022-03-08,1232.300048828125,115.37300109863281,6.319300174713135,14406.400390625,35.130001068115234,123.69999694824219,2040.0999755859375
2022-03-09,1233.1099853515625,115.72200012207031,6.317599773406982,14362.7001953125,32.45000076293945,108.69999694824219,1985.9000244140625
2022-03-10,1223.22998046875,115.90899658203125,6.3165998458862305,14251.0,30.229999542236328,106.0199966430664,1998.0999755859375
2022-03-11,1228.5999755859375,116.17900085449219,6.320799827575684,14275.0,30.75,109.33000183105469,1982.699951171875
2022-03-14,1236.8900146484375,117.52899932861328,6.338699817657471,14325.5,31.770000457763672,103.01000213623047,1959.5999755859375
2022-03-15,1242.050048828125,118.21800231933594,6.364500045776367,14347.5,29.829999923706055,96.44000244140625,1928.5
2022-03-16,1241.6800537109375,118.29199981689453,6.369100093841553,14305.2998046875,26.670000076293945,95.04000091552734,1908.0
2022-03-17,1223.0,118.87000274658203,6.351200103759766,14263.5,25.670000076293945,102.9800033569336,1942.0999755859375
2022-03-18,1210.3299560546875,118.48600006103516,6.3454999923706055,14326.0,23.8700008392334,104.69999694824219,1928.199951171875
2022-03-21,1210.3699951171875,119.26300048828125,6.360199928283691,14342.2998046875,23.530000686645508,112.12000274658203,1928.5999755859375
2022-03-22,1219.780029296875,119.59400177001953,6.354499816894531,14345.0,22.940000534057617,111.76000213623047,1920.699951171875
2022-03-23,1214.949951171875,121.33999633789062,6.365300178527832,14345.5,23.56999969482422,114.93000030517578,1936.5999755859375
2022-03-24,1218.010009765625,121.12699890136719,6.371300220489502,14389.0,21.670000076293945,112.33999633789062,1961.5999755859375
2022-03-25,1217.550048828125,122.34600067138672,6.366300106048584,14337.099609375,20.809999465942383,113.9000015258789,1953.800048828125
2022-03-28,1224.3800048828125,122.2699966430664,6.365200042724609,14334.0,19.6299991607666,105.95999908447266,1939.5999755859375
2022-03-29,1223.6600341796875,123.66000366210938,6.370699882507324,14373.0,18.899999618530273,104.23999786376953,1912.0
2022-03-30,1209.1300048828125,123.125,6.363100051879883,14334.0,19.329999923706055,107.81999969482422,1933.5
2022-03-31,1210.43994140625,122.02100372314453,6.346199989318848,14327.5,20.559999465942383,100.27999877929688,1949.199951171875
2022-04-01,1214.5,121.75599670410156,6.338900089263916,14351.0,19.6299991607666,99.2699966430664,1919.0999755859375
2022-04-04,1218.780029296875,122.61000061035156,6.362100124359131,14361.0,18.56999969482422,103.27999877929688,1929.199951171875
2022-04-05,1213.9000244140625,122.80899810791016,6.362400054931641,14322.2998046875,21.030000686645508,101.95999908447266,1922.9000244140625
2022-04-06,1218.75,123.65599822998047,6.363100051879883,14365.5,22.100000381469727,96.2300033569336,1918.4000244140625
2022-04-07,1217.5999755859375,123.7229995727539,6.358500003814697,14382.0,21.549999237060547,96.02999877929688,1933.800048828125
2022-04-08,1222.6600341796875,124.09600067138672,6.3597002029418945,14385.0,21.15999984741211,98.26000213623047,1941.5999755859375
2022-04-11,1228.239990234375,124.38500213623047,6.363999843597412,14355.0,24.3700008392334,94.29000091552734,1944.300048828125
2022-04-12,1235.050048828125,125.47200012207031,6.36870002746582,14360.7001953125,24.260000228881836,100.5999984741211,1972.0999755859375
2022-04-13,1228.5999755859375,125.41600036621094,6.364999771118164,14364.2001953125,21.81999969482422,104.25,1981.0
2022-04-14,1223.1199951171875,125.37699890136719,6.367199897766113,14360.2001953125,22.700000762939453,106.94999694824219,1970.9000244140625
2022-04-15,1230.0999755859375,126.17900085449219,6.377399921417236,14383.900390625,22.700000762939453,106.94999694824219,1970.9000244140625
2022-04-18,1228.0899658203125,126.61799621582031,6.370200157165527,14337.0,22.170000076293945,108.20999908447266,1982.9000244140625
2022-04-19,1235.3499755859375,127.0979995727539,6.366199970245361,14353.7998046875,21.3700008392334,102.55999755859375,1955.699951171875
2022-04-20,1239.5999755859375,129.33299255371094,6.392399787902832,14364.900390625,20.31999969482422,102.75,1952.300048828125
2022-04-21,1234.0899658203125,128.01300048828125,6.417699813842773,14351.0,22.68000030517578,103.79000091552734,1944.9000244140625
2022-04-22,1242.489990234375,128.4080047607422,6.4492998123168945,14382.0,28.209999084472656,102.06999969482422,1931.0
2022-04-25,1243.1600341796875,128.60499572753906,6.50029993057251,14350.0,27.020000457763672,98.54000091552734,1893.199951171875
2022-04-26,1249.2099609375,127.74400329589844,6.5578999519348145,14478.0,33.52000045776367,101.69999694824219,1901.4000244140625
2022-04-27,1260.7099609375,127.26599884033203,6.556300163269043,14466.0,31.600000381469727,102.0199966430664,1885.9000244140625
2022-04-28,1266.280029296875,128.3939971923828,6.559500217437744,14447.5,29.989999771118164,105.36000061035156,1888.699951171875
2022-04-29,1272.2900390625,130.81100463867188,6.62529993057251,14502.0,33.400001525878906,104.69000244140625,1909.300048828125
2022-05-02,1262.530029296875,130.01100158691406,6.607500076293945,14490.0,32.34000015258789,105.16999816894531,1861.800048828125
2022-05-03,1266.75,130.11199951171875,6.607500076293945,14522.599609375,29.25,102.41000366210938,1868.800048828125
2022-05-04,1261.06005859375,130.11599731445312,6.607399940490723,14491.0,25.420000076293945,107.80999755859375,1867.0
2022-05-05,1251.5,129.22300720214844,6.607500076293945,14425.0,31.200000762939453,108.26000213623047,1874.0
2022-05-06,1268.699951171875,130.3300018310547,6.654600143432617,14458.7001953125,30.190000534057617,109.7699966430664,1881.199951171875
2022-05-09,1270.1300048828125,130.74899291992188,6.665599822998047,14490.0,34.75,103.08999633789062,1857.0999755859375
2022-05-10,1274.8599853515625,130.3769989013672,6.729800224304199,14552.2001953125,32.9900016784668,99.76000213623047,1839.9000244140625
2022-05-11,1276.550048828125,130.3509979248047,6.73360013961792,14520.7998046875,32.560001373291016,105.70999908447266,1852.5999755859375
2022-05-12,1278.1500244140625,129.8350067138672,6.720699787139893,14543.400390625,31.770000457763672,106.12999725341797,1823.800048828125
2022-05-13,1290.75,128.58799743652344,6.785900115966797,14632.099609375,28.8700008392334,110.48999786376953,1807.4000244140625
2022-05-16,1277.5699462890625,129.4320068359375,6.788000106811523,14606.0,27.469999313354492,114.19999694824219,1813.5
2022-05-17,1279.8499755859375,128.92300415039062,6.785099983215332,14645.0,26.100000381469727,112.4000015258789,1818.199951171875
2022-05-18,1266.6600341796875,129.45399475097656,6.736199855804443,14630.599609375,30.959999084472656,109.58999633789062,1815.9000244140625
2022-05-19,1275.5799560546875,127.91400146484375,6.753399848937988,14740.0,29.350000381469727,112.20999908447266,1841.199951171875
2022-05-20,1263.550048828125,127.83200073242188,6.712100028991699,14626.7998046875,29.43000030517578,113.2300033569336,1841.800048828125
2022-05-23,1273.2099609375,127.90299987792969,6.691999912261963,14645.0,28.479999542236328,110.29000091552734,1847.800048828125
2022-05-24,1258.8199462890625,127.84600067138672,6.649799823760986,14619.2001953125,29.450000762939453,109.7699966430664,1865.0999755859375
2022-05-25,1260.989990234375,126.76899719238281,6.6529998779296875,14635.7998046875,28.3700008392334,110.33000183105469,1846.199951171875
2022-05-26,1266.5999755859375,127.1520004272461,6.691699981689453,14597.0,27.5,114.08999633789062,1847.4000244140625
2022-05-27,1258.8900146484375,127.04499816894531,6.737800121307373,14584.2001953125,25.719999313354492,115.06999969482422,1851.300048828125
2022-05-30,1251.5899658203125,127.28500366210938,6.6975998878479,14570.0,25.719999313354492,115.06999969482422,1851.300048828125
2022-05-31,1236.1700439453125,127.78399658203125,6.660299777984619,14538.400390625,26.190000534057617,114.66999816894531,1842.699951171875
2022-06-01,1241.739990234375,128.73599243164062,6.6717000007629395,14543.900390625,25.690000534057617,115.26000213623047,1843.300048828125
2022-06-02,1246.949951171875,130.1219940185547,6.685200214385986,14531.5,24.719999313354492,116.87000274658203,1866.5
2022-06-03,1240.8399658203125,129.91799926757812,6.659200191497803,14426.7998046875,24.790000915527344,118.87000274658203,1845.4000244140625
2022-06-06,1250.530029296875,130.70700073242188,6.659299850463867,14431.0,25.06999969482422,118.5,1839.199951171875
2022-06-07,1254.47998046875,132.17599487304688,6.652900218963623,14435.2001953125,24.020000457763672,119.41000366210938,1847.5
2022-06-08,1254.5799560546875,132.8470001220703,6.6697001457214355,14458.7998046875,23.959999084472656,122.11000061035156,1851.9000244140625
2022-06-09,1256.739990234375,134.42999267578125,6.682700157165527,14495.2998046875,26.09000015258789,121.51000213623047,1848.800048828125
2022-06-10,1264.02001953125,134.41799926757812,6.690800189971924,14611.7998046875,27.75,120.66999816894531,1871.5
2022-06-13,1278.280029296875,134.81399536132812,6.707900047302246,14546.0,34.02000045776367,120.93000030517578,1828.0
2022-06-14,1291.800048828125,134.22500610351562,6.753499984741211,14795.0,32.689998626708984,118.93000030517578,1809.5
2022-06-15,1289.47998046875,135.29400634765625,6.739500045776367,14740.7998046875,29.6200008392334,115.30999755859375,1815.300048828125
2022-06-16,1278.1600341796875,134.11500549316406,6.712299823760986,14681.0,32.95000076293945,117.58999633789062,1845.699951171875
2022-06-17,1288.1800537109375,132.42100524902344,6.703400135040283,14776.099609375,31.1299991607666,109.55999755859375,1835.5999755859375
2022-06-20,1290.5,135.2760009765625,6.715700149536133,14816.0,31.1299991607666,109.55999755859375,1835.5999755859375
2022-06-21,1292.3800048828125,135.08700561523438,6.691400051116943,14827.7001953125,30.190000534057617,110.6500015258789,1834.5999755859375
2022-06-22,1291.5999755859375,136.2689971923828,6.688399791717529,14831.7001953125,28.950000762939453,106.19000244140625,1834.300048828125
2022-06-23,1297.6800537109375,136.0240020751953,6.701099872589111,14843.0,29.049999237060547,104.2699966430664,1825.699951171875
2022-06-24,1299.81005859375,134.83999633789062,6.697299957275391,14841.7998046875,27.229999542236328,107.62000274658203,1826.5
2022-06-27,1288.2900390625,135.06199645996094,6.688799858093262,14841.0,26.950000762939453,109.56999969482422,1820.9000244140625
2022-06-28,1286.199951171875,135.43499755859375,6.690700054168701,14791.0,28.360000610351562,111.76000213623047,1817.5
2022-06-29,1292.030029296875,136.0469970703125,6.707300186157227,14857.0,28.15999984741211,109.77999877929688,1813.699951171875
2022-06-30,1301.72998046875,136.58900451660156,6.69980001449585,14877.0,28.709999084472656,105.76000213623047,1804.0999755859375
2022-07-01,1287.7099609375,135.78599548339844,6.698200225830078,14921.900390625,26.700000762939453,108.43000030517578,1798.9000244140625
2022-07-04,1297.8900146484375,135.04299926757812,6.700500011444092,14931.0,26.700000762939453,108.43000030517578,1798.9000244140625
2022-07-05,1295.6800537109375,135.83999633789062,6.698599815368652,15008.0,27.540000915527344,99.5,1761.800048828125
2022-07-06,1308.6600341796875,135.52099609375,6.718800067901611,15037.0,26.729999542236328,98.52999877929688,1734.9000244140625
2022-07-07,1304.8499755859375,135.96600341796875,6.706500053405762,15010.0,26.079999923706055,102.7300033569336,1737.9000244140625
2022-07-08,1297.6500244140625,135.91299438476562,6.700500011444092,14964.599609375,24.639999389648438,104.79000091552734,1740.5999755859375
2022-07-11,1293.7900390625,136.30099487304688,6.694300174713135,14970.0,26.170000076293945,104.08999633789062,1730.0
2022-07-12,1310.8599853515625,137.38800048828125,6.717199802398682,14989.099609375,27.290000915527344,95.83999633789062,1723.300048828125
2022-07-13,1305.8299560546875,136.7259979248047,6.723299980163574,15010.0,26.81999969482422,96.30000305175781,1734.199951171875
2022-07-14,1304.8499755859375,137.6280059814453,6.717599868774414,15030.400390625,26.399999618530273,95.77999877929688,1704.5
2022-07-15,1316.1800537109375,138.9669952392578,6.755199909210205,15037.099609375,24.229999542236328,97.58999633789062,1702.4000244140625
2022-07-18,1318.1199951171875,138.31399536132812,6.756499767303467,14986.0,25.299999237060547,102.5999984741211,1709.199951171875
2022-07-19,1318.9100341796875,138.22900390625,6.742300033569336,14977.0,24.5,104.22000122070312,1710.0
2022-07-20,1305.5,138.1909942626953,6.74370002746582,14960.7998046875,23.8799991607666,102.26000213623047,1699.5
2022-07-21,1312.8699951171875,138.39500427246094,6.754899978637695,15022.0,23.110000610351562,96.3499984741211,1712.699951171875
2022-07-22,1306.8499755859375,137.09800720214844,6.765600204467773,15004.2001953125,23.030000686645508,94.69999694824219,1727.0999755859375
2022-07-25,1309.3199462890625,136.31199645996094,6.750500202178955,15011.0,23.360000610351562,96.69999694824219,1719.0
2022-07-26,1310.4000244140625,136.43099975585938,6.749499797821045,14978.0,24.690000534057617,94.9800033569336,1717.699951171875
2022-07-27,1310.9000244140625,136.97000122070312,6.76230001449585,14982.7998046875,23.239999771118164,97.26000213623047,1719.0999755859375
2022-07-28,1305.949951171875,136.11099243164062,6.757400035858154,14914.2001953125,22.329999923706055,96.41999816894531,1750.300048828125
2022-07-29,1295.1500244140625,134.39700317382812,6.745800018310547,14849.099609375,21.329999923706055,98.62000274658203,1762.9000244140625
2022-08-01,1302.280029296875,133.40699768066406,6.743199825286865,14826.0,22.84000015258789,93.88999938964844,1769.0
2022-08-02,1306.75,131.57200622558594,6.7677001953125,14838.0,23.93000030517578,94.41999816894531,1771.0999755859375
2022-08-03,1314.6300048828125,133.37899780273438,6.751800060272217,14890.099609375,21.950000762939453,90.66000366210938,1758.0
2022-08-04,1307.3800048828125,133.96200561523438,6.756999969482422,14900.0,21.440000534057617,88.54000091552734,1788.5
2022-08-05,1302.0799560546875,132.62100219726562,6.747799873352051,14884.7001953125,21.149999618530273,89.01000213623047,1772.9000244140625
2022-08-08,1302.739990234375,135.0570068359375,6.760900020599365,14886.0,21.290000915527344,90.76000213623047,1786.800048828125
2022-08-09,1299.030029296875,134.83999633789062,6.749899864196777,14831.2001953125,21.770000457763672,90.5,1794.0
2022-08-10,1307.56005859375,135.18699645996094,6.751699924468994,14856.7001953125,19.739999771118164,91.93000030517578,1795.5999755859375
2022-08-11,1296.699951171875,132.8300018310547,6.722799777984619,14756.900390625,20.200000762939453,94.33999633789062,1789.699951171875
2022-08-12,1306.8299560546875,132.99400329589844,6.743599891662598,14724.2001953125,19.530000686645508,92.08999633789062,1798.5999755859375
2022-08-15,1301.3800048828125,133.28799438476562,6.741799831390381,14661.0,19.950000762939453,89.41000366210938,1781.4000244140625
2022-08-16,1313.1800537109375,133.14300537109375,6.771999835968018,14776.400390625,19.690000534057617,86.52999877929688,1773.199951171875
2022-08-17,1311.0,134.27699279785156,6.787399768829346,14747.099609375,19.899999618530273,88.11000061035156,1760.300048828125
2022-08-18,1314.8299560546875,134.94400024414062,6.779900074005127,14764.099609375,19.559999465942383,90.5,1755.300048828125
2022-08-19,1326.9100341796875,135.7949981689453,6.784599781036377,14845.7001953125,20.600000381469727,90.7699966430664,1747.5999755859375
2022-08-22,1334.8599853515625,137.04100036621094,6.815700054168701,14831.0,23.799999237060547,90.2300033569336,1734.0
2022-08-23,1343.3599853515625,137.54600524902344,6.847899913787842,14933.5,24.110000610351562,93.73999786376953,1746.800048828125
2022-08-24,1339.0799560546875,136.73300170898438,6.833600044250488,14850.0,22.81999969482422,94.88999938964844,1747.800048828125
2022-08-25,1340.0,137.08099365234375,6.858500003814697,14845.0,21.780000686645508,92.5199966430664,1757.699951171875
2022-08-26,1334.43994140625,136.56300354003906,6.848299980163574,14773.0,25.559999465942383,93.05999755859375,1736.0999755859375
2022-08-29,1341.1800537109375,137.52000427246094,6.870800018310547,14811.0,26.209999084472656,97.01000213623047,1736.5999755859375
2022-08-30,1345.72998046875,138.5959930419922,6.9070000648498535,14895.0,26.209999084472656,91.63999938964844,1723.199951171875
2022-08-31,1350.18994140625,138.73399353027344,6.910799980163574,14850.0,25.8700008392334,89.55000305175781,1712.800048828125
2022-09-01,1342.260009765625,139.29600524902344,6.888899803161621,14855.0,25.559999465942383,86.61000061035156,1696.5999755859375
2022-09-02,1355.0999755859375,140.08099365234375,6.9054999351501465,14902.099609375,25.469999313354492,86.87000274658203,1709.800048828125
2022-09-05,1361.510009765625,140.48699951171875,6.89900016784668,14890.0,25.469999313354492,86.87000274658203,1709.800048828125
2022-09-06,1361.81005859375,140.42999267578125,6.93310022354126,14882.2998046875,26.90999984741211,86.87999725341797,1700.4000244140625
2022-09-07,1378.1099853515625,143.1510009765625,6.953100204467773,14904.0,24.639999389648438,81.94000244140625,1715.300048828125
2022-09-08,1374.31005859375,144.1280059814453,6.9653000831604,14865.2998046875,23.610000610351562,83.54000091552734,1708.0
2022-09-09,1383.0,143.8560028076172,6.956500053405762,14892.2998046875,22.790000915527344,86.79000091552734,1716.199951171875
2022-09-12,1379.06005859375,142.5959930419922,6.92549991607666,14823.0,23.8700008392334,87.77999877929688,1728.0999755859375
2022-09-13,1375.81005859375,142.5850067138672,6.925000190734863,14858.7001953125,27.270000457763672,87.30999755859375,1705.0
2022-09-14,1393.469970703125,144.4040069580078,6.924099922180176,14954.900390625,26.15999984741211,88.4800033569336,1696.5
2022-09-15,1391.1800537109375,142.92300415039062,6.960999965667725,14915.0,26.270000457763672,85.0999984741211,1665.4000244140625
2022-09-16,1398.6300048828125,143.36500549316406,6.993000030517578,14933.599609375,26.299999237060547,85.11000061035156,1671.699951171875
2022-09-19,1385.22998046875,142.76499938964844,6.979000091552734,14946.0,25.760000228881836,85.7300033569336,1666.199951171875
2022-09-20,1390.1099853515625,143.22300720214844,7.0055999755859375,14985.7998046875,27.15999984741211,84.44999694824219,1659.699951171875
2022-09-21,1392.510009765625,143.6020050048828,7.017199993133545,15008.599609375,27.989999771118164,82.94000244140625,1664.5999755859375
2022-09-22,1397.56005859375,144.3159942626953,7.047900199890137,15019.0,27.350000381469727,83.48999786376953,1670.800048828125
2022-09-23,1403.6600341796875,142.27999877929688,7.076600074768066,15026.599609375,29.920000076293945,78.73999786376953,1645.300048828125
2022-09-26,1421.81005859375,143.51100158691406,7.127399921417236,15031.0,32.2599983215332,76.70999908447266,1623.300048828125
2022-09-27,1429.77001953125,144.45899963378906,7.1479997634887695,15204.0,32.599998474121094,78.5,1626.699951171875
2022-09-28,1426.260009765625,144.6909942626953,7.176799774169922,15167.2001953125,30.18000030517578,82.1500015258789,1660.4000244140625
2022-09-29,1421.949951171875,144.3979949951172,7.198999881744385,15175.2998046875,31.84000015258789,81.2300033569336,1658.5
2022-09-30,1430.1700439453125,144.43099975585938,7.123899936676025,15175.2001953125,31.6200008392334,79.48999786376953,1662.4000244140625
2022-10-03,1439.22998046875,144.8159942626953,7.114999771118164,15221.0,30.100000381469727,83.62999725341797,1692.9000244140625
2022-10-04,1433.3399658203125,144.5189971923828,7.1149001121521,15290.0,29.06999969482422,86.5199966430664,1721.0999755859375
2022-10-05,1416.530029296875,143.78700256347656,7.114999771118164,15180.0,28.549999237060547,87.76000213623047,1711.4000244140625
2022-10-06,1416.760009765625,144.44900512695312,7.114999771118164,15206.7001953125,30.520000457763672,88.44999694824219,1711.699951171875
2022-10-07,1408.449951171875,145.03900146484375,7.114999771118164,15215.7998046875,31.360000610351562,92.63999938964844,1700.5
2022-10-10,1415.97998046875,145.48199462890625,7.114999771118164,15246.0,32.45000076293945,91.12999725341797,1667.300048828125
2022-10-11,1428.3499755859375,145.6739959716797,7.153600215911865,15343.0,33.630001068115234,89.3499984741211,1678.699951171875
2022-10-12,1430.800048828125,145.8699951171875,7.164400100708008,15338.5,33.56999969482422,87.2699966430664,1670.300048828125
2022-10-13,1423.9000244140625,146.73699951171875,7.174099922180176,15318.599609375,31.940000534057617,89.11000061035156,1670.0
2022-10-14,1430.300048828125,147.29299926757812,7.16949987411499,15364.0,32.02000045776367,85.61000061035156,1641.699951171875
2022-10-17,1440.760009765625,148.6320037841797,7.190000057220459,15420.0,31.3700008392334,85.45999908447266,1657.0
2022-10-18,1430.1500244140625,148.9709930419922,7.195499897003174,15441.400390625,30.5,82.81999969482422,1649.0
2022-10-19,1425.02001953125,149.20899963378906,7.2006001472473145,15466.2001953125,30.760000228881836,85.55000305175781,1627.5
2022-10-20,1435.010009765625,149.8209991455078,7.22730016708374,15620.0,29.979999542236328,85.9800033569336,1630.800048828125
2022-10-21,1430.31005859375,150.17599487304688,7.215799808502197,15562.0,29.690000534057617,85.05000305175781,1651.0
2022-10-24,1428.1099853515625,147.81900024414062,7.242800235748291,15626.0,29.850000381469727,84.58000183105469,1648.699951171875
2022-10-25,1443.9599609375,148.88699340820312,7.261899948120117,15586.5,28.459999084472656,85.31999969482422,1652.800048828125
2022-10-26,1426.9300537109375,147.97999572753906,7.303800106048584,15549.0,27.280000686645508,87.91000366210938,1664.0
2022-10-27,1412.68994140625,146.13400268554688,7.171899795532227,15502.7001953125,27.389999389648438,89.08000183105469,1660.699951171875
2022-10-28,1420.6500244140625,146.2740020751953,7.22790002822876,15554.2001953125,25.75,87.9000015258789,1639.5999755859375
2022-10-31,1421.6500244140625,147.81199645996094,7.251399993896484,15549.2001953125,25.8799991607666,86.52999877929688,1635.9000244140625
2022-11-01,1424.6700439453125,148.73699951171875,7.301799774169922,15649.0,25.809999465942383,88.37000274658203,1645.0
2022-11-02,1416.5999755859375,147.9149932861328,7.276599884033203,15690.0,25.860000610351562,90.0,1645.699951171875
2022-11-03,1423.0999755859375,147.89199829101562,7.288700103759766,15696.0,25.299999237060547,88.16999816894531,1627.300048828125
2022-11-04,1423.6500244140625,148.39300537109375,7.30079984664917,15780.0,24.549999237060547,92.61000061035156,1672.5
2022-11-07,1402.1099853515625,146.84100341796875,7.175099849700928,15609.5,24.350000381469727,91.79000091552734,1676.5
2022-11-08,1392.699951171875,146.62399291992188,7.228799819946289,15675.0,25.540000915527344,88.91000366210938,1712.0999755859375
2022-11-09,1374.1500244140625,145.2949981689453,7.248199939727783,15645.0,26.09000015258789,85.83000183105469,1710.0999755859375
2022-11-10,1370.550048828125,146.20899963378906,7.240799903869629,15671.5,23.530000686645508,86.47000122070312,1750.300048828125
2022-11-11,1349.3699951171875,141.73399353027344,7.1859002113342285,15500.0,22.520000457763672,88.95999908447266,1766.0
2022-11-14,1313.030029296875,139.55299377441406,7.107100009918213,15473.900390625,23.729999542236328,85.87000274658203,1773.5999755859375
2022-11-15,1324.0799560546875,140.11500549316406,7.07289981842041,15530.099609375,24.540000915527344,86.91999816894531,1773.800048828125
2022-11-16,1316.260009765625,138.96499633789062,7.043000221252441,15557.0,24.110000610351562,85.58999633789062,1773.0
2022-11-17,1336.4300537109375,139.32200622558594,7.087200164794922,15655.0,23.93000030517578,81.63999938964844,1760.800048828125
2022-11-18,1342.75,140.41200256347656,7.156199932098389,15720.0,23.1200008392334,80.08000183105469,1751.9000244140625
2022-11-21,1339.030029296875,140.2530059814453,7.118899822235107,15629.400390625,22.360000610351562,79.7300033569336,1737.4000244140625
2022-11-22,1359.75,142.09800720214844,7.1641998291015625,15755.0,21.290000915527344,80.94999694824219,1738.300048828125
2022-11-23,1352.68994140625,141.15499877929688,7.1392998695373535,15671.0,20.350000381469727,77.94000244140625,1744.9000244140625
2022-11-24,1336.81005859375,139.2779998779297,7.165800094604492,15619.599609375,20.350000381469727,77.94000244140625,1744.9000244140625
2022-11-25,1317.8900146484375,138.60299682617188,7.150300025939941,15605.0,20.5,76.27999877929688,1753.300048828125
2022-11-28,1334.56005859375,139.10000610351562,7.170499801635742,15675.099609375,22.209999084472656,77.23999786376953,1740.0999755859375
2022-11-29,1340.1199951171875,138.718994140625,7.207099914550781,15746.0,21.889999389648438,78.19999694824219,1748.4000244140625
2022-11-30,1325.3699951171875,138.7449951171875,7.15939998626709,15726.5,20.579999923706055,80.55000305175781,1746.0
2022-12-01,1279.800048828125,137.35899353027344,7.076200008392334,15634.5,19.84000015258789,81.22000122070312,1801.0999755859375
2022-12-02,1303.25,135.14999389648438,7.043700218200684,15355.5,19.059999465942383,79.9800033569336,1795.9000244140625
2022-12-05,1299.1700439453125,134.47500610351562,7.023900032043457,15421.0,20.75,76.93000030517578,1767.4000244140625
2022-12-06,1304.3699951171875,136.65199279785156,6.960899829864502,15520.2998046875,22.170000076293945,74.25,1769.300048828125
2022-12-07,1319.7099609375,136.88600158691406,6.994900226593018,15623.0,22.68000030517578,72.01000213623047,1785.5
2022-12-08,1314.0999755859375,136.38099670410156,6.972599983215332,15596.0,22.290000915527344,71.45999908447266,1788.699951171875
2022-12-09,1316.6300048828125,136.61399841308594,6.966300010681152,15590.0,22.829999923706055,71.0199966430664,1798.0999755859375
2022-12-12,1303.1700439453125,136.71200561523438,6.956600189208984,15582.0,25.0,73.16999816894531,1780.5
2022-12-13,1305.9200439453125,137.50399780273438,6.976500034332275,15676.2998046875,22.549999237060547,75.38999938964844,1813.9000244140625
2022-12-14,1288.97998046875,135.58399963378906,6.943399906158447,15554.7001953125,21.139999389648438,77.27999877929688,1807.5
2022-12-15,1295.6800537109375,135.34800720214844,6.949900150299072,15481.0,22.829999923706055,76.11000061035156,1777.199951171875
2022-12-16,1317.0999755859375,137.75100708007812,6.9721999168396,15626.0,22.6200008392334,74.29000091552734,1790.0
2022-12-19,1308.8599853515625,136.69000244140625,6.972099781036377,15615.900390625,22.420000076293945,75.19000244140625,1787.699951171875
2022-12-20,1301.3299560546875,136.9949951171875,6.978600025177002,15567.5,21.479999542236328,76.08999633789062,1815.9000244140625
2022-12-21,1283.6400146484375,131.89199829101562,6.9608001708984375,15556.0,20.06999969482422,78.29000091552734,1815.9000244140625
2022-12-22,1280.77001953125,132.3699951171875,6.980599880218506,15513.0,21.969999313354492,77.48999786376953,1787.0
2022-12-23,1290.199951171875,132.35699462890625,6.982999801635742,15563.0,20.8700008392334,79.55999755859375,1795.9000244140625
2022-12-26,1279.239990234375,132.7899932861328,6.988699913024902,15565.900390625,20.8700008392334,79.55999755859375,1795.9000244140625
2022-12-27,1275.1300048828125,132.76400756835938,6.96120023727417,15607.0,21.649999618530273,79.52999877929688,1814.800048828125
2022-12-28,1272.280029296875,133.48599243164062,6.959000110626221,15617.5,22.139999389648438,78.95999908447266,1807.9000244140625
2022-12-29,1274.3199462890625,134.03399658203125,6.97760009765625,15789.0,21.440000534057617,78.4000015258789,1819.5
2022-12-30,1260.260009765625,132.91600036621094,6.963099956512451,15620.0,21.670000076293945,80.26000213623047,1819.699951171875
2023-01-02,1260.9100341796875,130.84500122070312,6.896900177001953,15508.7998046875,21.670000076293945,80.26000213623047,1819.699951171875
2023-01-03,1270.0999755859375,130.79400634765625,6.89709997177124,15550.0,22.899999618530273,76.93000030517578,1839.699951171875
2023-01-04,1279.0799560546875,131.2480010986328,6.914100170135498,15571.7998046875,22.010000228881836,72.83999633789062,1852.800048828125
2023-01-05,1271.0799560546875,132.24600219726562,6.887800216674805,15560.0,22.459999084472656,73.66999816894531,1834.800048828125
2023-01-06,1274.1800537109375,133.3070068359375,6.881499767303467,15620.0,21.1299991607666,73.7699966430664,1864.199951171875
2023-01-09,1252.8800048828125,131.86199951171875,6.837399959564209,15602.2998046875,21.969999313354492,74.62999725341797,1872.699951171875
2023-01-10,1239.280029296875,131.72900390625,6.770999908447266,15580.0,20.579999923706055,75.12000274658203,1871.5999755859375
2023-01-11,1240.1600341796875,132.1009979248047,6.777400016784668,15528.900390625,21.09000015258789,77.41000366210938,1874.5999755859375
2023-01-12,1241.5999755859375,131.90199279785156,6.769000053405762,15414.0,18.829999923706055,78.38999938964844,1895.5
2023-01-13,1239.1300048828125,129.1719970703125,6.737800121307373,15172.0,18.350000381469727,79.86000061035156,1918.4000244140625
2023-01-16,1236.5899658203125,128.0260009765625,6.7017998695373535,15114.7998046875,18.350000381469727,79.86000061035156,1918.4000244140625
2023-01-17,1240.7099609375,128.3209991455078,6.732500076293945,15082.0,19.360000610351562,80.18000030517578,1907.199951171875
2023-01-18,1237.0,128.281005859375,6.77239990234375,15162.0,20.34000015258789,79.4800033569336,1904.4000244140625
2023-01-19,1237.8800048828125,128.53900146484375,6.747099876403809,15096.0,20.520000457763672,80.33000183105469,1922.0999755859375
2023-01-20,1232.1800537109375,128.3699951171875,6.7758002281188965,15141.0,19.850000381469727,81.30999755859375,1926.4000244140625
2023-01-23,1230.030029296875,129.35400390625,6.782599925994873,15055.900390625,19.809999465942383,81.62000274658203,1927.0999755859375
2023-01-24,1229.280029296875,130.5970001220703,6.7829999923706055,15007.0,19.200000762939453,80.12999725341797,1933.9000244140625
2023-01-25,1232.6600341796875,130.23899841308594,6.7835001945495605,14955.5,19.079999923706055,80.1500015258789,1941.199951171875
2023-01-26,1232.5899658203125,129.23699951171875,6.782899856567383,14938.7001953125,18.729999542236328,81.01000213623047,1929.0999755859375
2023-01-27,1231.8499755859375,129.8000030517578,6.78249979019165,14942.5,18.510000228881836,79.68000030517578,1928.5999755859375
2023-01-30,1228.949951171875,129.85400390625,6.782400131225586,14970.400390625,19.940000534057617,77.9000015258789,1922.9000244140625
2023-01-31,1231.5,130.47900390625,6.747799873352051,14995.0,19.399999618530273,78.87000274658203,1929.5
2023-02-01,1232.1500244140625,130.11000061035156,6.753600120544434,14990.7001953125,17.8700008392334,76.41000366210938,1927.800048828125
2023-02-02,1221.949951171875,128.6219940185547,6.740799903869629,14855.0,18.729999542236328,75.87999725341797,1916.300048828125
2023-02-03,1224.9000244140625,128.74600219726562,6.731500148773193,14881.0,18.329999923706055,73.38999938964844,1862.9000244140625
2023-02-06,1246.75,132.00900268554688,6.774199962615967,15078.7998046875,19.43000030517578,74.11000061035156,1866.199951171875
2023-02-07,1261.22998046875,132.6230010986328,6.794000148773193,15200.0,18.65999984741211,77.13999938964844,1871.699951171875
2023-02-08,1255.3499755859375,131.04200744628906,6.791200160980225,15147.0,19.6299991607666,78.47000122070312,1877.4000244140625
2023-02-09,1260.469970703125,131.38699340820312,6.7881999015808105,15117.0,20.709999084472656,78.05999755859375,1866.199951171875
2023-02-10,1264.550048828125,131.5189971923828,6.779699802398682,15140.0,20.530000686645508,79.72000122070312,1862.800048828125
2023-02-13,1266.8699951171875,131.55099487304688,6.808300018310547,15182.2001953125,20.34000015258789,80.13999938964844,1851.9000244140625
2023-02-14,1272.93994140625,132.33700561523438,6.821899890899658,15211.0,18.90999984741211,79.05999755859375,1854.0
2023-02-15,1272.25,132.99099731445312,6.825900077819824,15179.0,18.229999542236328,78.58999633789062,1834.199951171875
2023-02-16,1283.719970703125,133.9029998779297,6.851900100708008,15210.0,20.170000076293945,78.48999786376953,1842.0
2023-02-17,1288.9599609375,134.07400512695312,6.8597002029418945,15142.0,20.020000457763672,76.33999633789062,1840.4000244140625
2023-02-20,1293.9200439453125,134.3070068359375,6.857600212097168,15159.0,20.020000457763672,76.33999633789062,1840.4000244140625
2023-02-21,1296.1099853515625,134.33599853515625,6.854100227355957,15162.5,22.8700008392334,76.16000366210938,1833.0
2023-02-22,1305.8299560546875,134.9759979248047,6.872499942779541,15233.0,22.290000915527344,73.94999694824219,1832.0
2023-02-23,1302.8299560546875,134.9320068359375,6.891300201416016,15192.0,21.139999389648438,75.38999938964844,1818.0
2023-02-24,1298.0799560546875,134.6280059814453,6.9070000648498535,15210.0,21.670000076293945,76.31999969482422,1808.800048828125
2023-02-27,1313.699951171875,136.39500427246094,6.954999923706055,15257.7001953125,20.950000762939453,75.68000030517578,1817.0
2023-02-28,1318.3499755859375,136.31700134277344,6.943900108337402,15209.0,20.700000762939453,77.05000305175781,1828.9000244140625
2023-03-01,1321.5999755859375,136.34800720214844,6.932300090789795,15240.0,20.579999923706055,77.69000244140625,1837.699951171875
2023-03-02,1305.72998046875,136.19400024414062,6.868000030517578,15243.0,19.59000015258789,78.16000366210938,1833.5
2023-03-03,1311.06005859375,136.7050018310547,6.91379976272583,15322.0,18.489999771118164,79.68000030517578,1847.699951171875
2023-03-06,1294.780029296875,135.86000061035156,6.906799793243408,15255.099609375,18.610000610351562,80.45999908447266,1847.9000244140625
2023-03-07,1299.0,135.99899291992188,6.9293999671936035,15352.0,19.59000015258789,77.58000183105469,1813.9000244140625
2023-03-08,1317.9000244140625,137.39100646972656,6.961400032043457,15437.0,19.110000610351562,76.66000366210938,1812.699951171875
2023-03-09,1316.449951171875,137.2259979248047,6.950300216674805,15450.0,22.610000610351562,75.72000122070312,1829.300048828125
2023-03-10,1325.550048828125,136.39500427246094,6.963600158691406,15489.0,24.799999237060547,76.68000030517578,1862.0
2023-03-13,1319.5400390625,134.97999572753906,6.905200004577637,15472.599609375,26.520000457763672,74.80000305175781,1911.699951171875
2023-03-14,1296.3800048828125,133.11399841308594,6.844600200653076,15409.0,23.729999542236328,71.33000183105469,1906.199951171875
2023-03-15,1304.5799560546875,134.39700317382812,6.870500087738037,15372.0,26.139999389648438,67.61000061035156,1926.5999755859375
2023-03-16,1311.739990234375,132.9290008544922,6.905900001525879,15479.0,22.989999771118164,68.3499984741211,1919.0
2023-03-17,1301.6199951171875,133.3679962158203,6.897500038146973,15422.0,25.510000228881836,66.73999786376953,1969.800048828125
2023-03-20,1307.6500244140625,132.28399658203125,6.886099815368652,15368.5,24.149999618530273,67.63999938964844,1979.199951171875
2023-03-21,1304.93994140625,131.39199829101562,6.877699851989746,15340.0,21.3799991607666,69.33000183105469,1938.0
2023-03-22,1303.43994140625,132.34800720214844,6.882999897003174,15294.0,22.260000228881836,70.9000015258789,1946.800048828125
2023-03-23,1298.25,131.1790008544922,6.879199981689453,15251.0,22.610000610351562,69.95999908447266,1993.800048828125
2023-03-24,1286.2900390625,130.86500549316406,6.818399906158447,15047.0,21.739999771118164,69.26000213623047,1982.0999755859375
2023-03-27,1294.8299560546875,130.8459930419922,6.867000102996826,15148.0,20.600000381469727,72.80999755859375,1952.4000244140625
2023-03-28,1297.800048828125,131.23300170898438,6.884399890899658,15107.5,19.969999313354492,73.19999694824219,1972.4000244140625
2023-03-29,1296.97998046875,131.04600524902344,6.873300075531006,15061.0,19.1200008392334,72.97000122070312,1966.0999755859375
2023-03-30,1307.1300048828125,132.5760040283203,6.8856000900268555,15031.5,19.020000457763672,74.37000274658203,1980.300048828125
2023-03-31,1296.5,133.2010040283203,6.8703999519348145,15020.0,18.700000762939453,75.66999816894531,1969.0
2023-04-03,1305.47998046875,133.3470001220703,6.868000030517578,14988.0,18.549999237060547,80.41999816894531,1983.9000244140625
2023-04-04,1308.050048828125,132.2989959716797,6.877299785614014,14915.0,19.0,80.70999908447266,2022.199951171875
2023-04-05,1312.4100341796875,131.48500061035156,6.878799915313721,14958.0,19.079999923706055,80.61000061035156,2020.9000244140625
2023-04-06,1316.2099609375,130.9340057373047,6.878499984741211,14956.0,18.399999618530273,80.69999694824219,2011.9000244140625
2023-04-07,1317.93994140625,131.66900634765625,6.874899864196777,14932.0,18.399999618530273,80.69999694824219,2011.9000244140625
2023-04-10,1315.449951171875,132.0970001220703,6.86929988861084,14906.0,18.969999313354492,79.73999786376953,1989.0999755859375
2023-04-11,1320.8800048828125,133.468994140625,6.881100177764893,14955.0,19.100000381469727,81.52999877929688,2004.800048828125
2023-04-12,1322.0899658203125,133.593994140625,6.885499954223633,14913.0,19.09000015258789,83.26000213623047,2010.9000244140625
2023-04-13,1322.8299560546875,133.0850067138672,6.873700141906738,14823.5,17.799999237060547,82.16000366210938,2041.300048828125
2023-04-14,1301.4300537109375,132.48699951171875,6.867800235748291,14720.0,17.06999969482422,82.5199966430664,2002.199951171875
2023-04-17,1303.3800048828125,133.9709930419922,6.8703999519348145,14693.0,16.950000762939453,80.83000183105469,1994.199951171875
2023-04-18,1316.0699462890625,134.4250030517578,6.878799915313721,14860.0,16.829999923706055,80.86000061035156,2007.4000244140625
2023-04-19,1315.9000244140625,134.04400634765625,6.874899864196777,14890.0,16.459999084472656,79.16000366210938,1995.199951171875
2023-04-20,1326.760009765625,134.70399475097656,6.8850998878479,15006.0,17.170000076293945,77.29000091552734,2007.5999755859375
2023-04-21,1323.5999755859375,133.99600219726562,6.872099876403809,14946.0,16.770000457763672,77.87000274658203,1979.5
2023-04-24,1329.3800048828125,133.96099853515625,6.892499923706055,14838.0,16.889999389648438,78.76000213623047,1989.0999755859375
2023-04-25,1332.800048828125,134.08399963378906,6.894899845123291,14945.0,18.760000228881836,77.06999969482422,1994.0
2023-04-26,1341.0,133.71099853515625,6.931600093841553,14935.0,18.84000015258789,74.30000305175781,1985.699951171875
2023-04-27,1337.8299560546875,133.46499633789062,6.92579984664917,14841.5,17.030000686645508,74.76000213623047,1989.9000244140625
2023-04-28,1339.3900146484375,133.802001953125,6.922299861907959,14684.0,15.779999732971191,76.77999877929688,1990.0999755859375
2023-05-01,1337.1700439453125,136.38600158691406,6.911099910736084,14663.0,16.079999923706055,75.66000366210938,1983.4000244140625
2023-05-02,1342.7900390625,137.52099609375,6.910999774932861,14671.5,17.780000686645508,71.66000366210938,2014.300048828125
2023-05-03,1342.300048828125,136.46600341796875,6.910600185394287,14752.5,18.34000015258789,68.5999984741211,2028.5999755859375
2023-05-04,1335.22998046875,134.54400634765625,6.910600185394287,14680.5,20.09000015258789,68.55999755859375,2048.0
2023-05-05,1320.1500244140625,134.1790008544922,6.905700206756592,14700.0,17.190000534057617,71.33999633789062,2017.4000244140625
2023-05-08,1316.9599609375,135.19900512695312,6.9095001220703125,14668.0,16.979999542236328,73.16000366210938,2026.300048828125
2023-05-09,1322.4100341796875,135.072998046875,6.911499977111816,14750.0,17.709999084472656,73.70999908447266,2036.199951171875
2023-05-10,1326.050048828125,135.28799438476562,6.919400215148926,14767.0,16.940000534057617,72.55999755859375,2030.5
2023-05-11,1318.050048828125,134.08700561523438,6.932199954986572,14691.0,16.93000030517578,70.87000274658203,2014.699951171875
2023-05-12,1329.8800048828125,134.4980010986328,6.947700023651123,14770.5,17.030000686645508,70.04000091552734,2014.5
2023-05-15,1341.52001953125,135.82200622558594,6.957300186157227,14743.0,17.1200008392334,71.11000061035156,2018.0
2023-05-16,1335.4000244140625,136.0449981689453,6.951600074768066,14795.0,17.989999771118164,70.86000061035156,1988.4000244140625
2023-05-17,1342.4300537109375,136.42999267578125,6.976600170135498,14885.0,16.8700008392334,72.83000183105469,1980.699951171875
2023-05-18,1334.1500244140625,137.61399841308594,6.997099876403809,14876.5,16.049999237060547,71.86000061035156,1956.5
2023-05-19,1334.739990234375,138.6199951171875,7.035099983215332,14916.0,16.809999465942383,71.55000305175781,1978.699951171875
2023-05-22,1324.2099609375,137.69200134277344,7.006899833679199,14918.0,17.209999084472656,71.98999786376953,1974.800048828125
2023-05-23,1313.8299560546875,138.6719970703125,7.030900001525879,14886.0,18.530000686645508,72.91000366210938,1972.4000244140625
2023-05-24,1319.8399658203125,138.59800720214844,7.056399822235107,14895.0,20.030000686645508,74.33999633789062,1962.800048828125
2023-05-25,1318.52001953125,139.2830047607422,7.059800148010254,14945.900390625,19.139999389648438,71.83000183105469,1943.0999755859375
2023-05-26,1330.8900146484375,140.01699829101562,7.077400207519531,14970.0,17.950000762939453,72.66999816894531,1944.0999755859375
2023-05-29,1322.4300537109375,140.87100219726562,7.054800033569336,14948.0,17.950000762939453,72.66999816894531,1944.0999755859375
2023-05-30,1324.5899658203125,140.4409942626953,7.072299957275391,14960.0,17.459999084472656,69.45999908447266,1958.0
2023-05-31,1319.7900390625,139.79200744628906,7.078999996185303,14979.0,17.940000534057617,68.08999633789062,1963.9000244140625
2023-06-01,1321.739990234375,139.1269989013672,7.110799789428711,14984.0,15.649999618530273,70.0999984741211,1978.0
2023-06-02,1312.8499755859375,138.7480010986328,7.0929999351501465,14907.0,14.600000381469727,71.73999786376953,1952.4000244140625
2023-06-05,1305.1400146484375,140.20700073242188,7.083799839019775,14983.0,14.729999542236328,72.1500015258789,1958.0
2023-06-06,1299.7900390625,139.38299560546875,7.105000019073486,14849.5,13.960000038146973,71.73999786376953,1965.5
2023-06-07,1299.199951171875,139.52699279785156,7.118800163269043,14872.0,13.9399995803833,72.52999877929688,1942.699951171875
2023-06-08,1308.3399658203125,139.8990020751953,7.128799915313721,14889.0,13.649999618530273,71.29000091552734,1963.5999755859375
2023-06-09,1296.3299560546875,138.86300659179688,7.111199855804443,14836.0,13.829999923706055,70.16999816894531,1962.199951171875
2023-06-12,1286.68994140625,139.37100219726562,7.127600193023682,14833.0,15.010000228881836,67.12000274658203,1955.300048828125
2023-06-13,1284.5799560546875,139.4600067138672,7.144599914550781,14871.5,14.609999656677246,69.41999816894531,1944.5999755859375
2023-06-14,1267.6199951171875,140.177001953125,7.166500091552734,14869.0,13.880000114440918,68.2699966430664,1955.300048828125
2023-06-15,1273.989990234375,139.9770050048828,7.162600040435791,14909.0,14.5,70.62000274658203,1957.800048828125
2023-06-16,1270.050048828125,140.26800537109375,7.119900226593018,14897.0,13.539999961853027,71.77999877929688,1958.4000244140625
2023-06-19,1276.31005859375,141.86700439453125,7.1255998611450195,14928.0,13.539999961853027,71.77999877929688,1958.4000244140625
2023-06-20,1283.239990234375,141.8990020751953,7.160399913787842,15008.0,13.880000114440918,70.5,1935.5
2023-06-21,1287.5400390625,141.3350067138672,7.180799961090088,15016.0,13.199999809265137,72.52999877929688,1933.300048828125
2023-06-22,1288.3800048828125,141.68800354003906,7.178400039672852,14943.0,12.90999984741211,69.51000213623047,1912.699951171875
2023-06-23,1298.2099609375,143.02999877929688,7.178500175476074,14935.0,13.4399995803833,69.16000366210938,1919.0999755859375
2023-06-26,1307.6700439453125,143.54100036621094,7.178500175476074,14987.0,14.25,69.37000274658203,1923.699951171875
2023-06-27,1302.6600341796875,143.4600067138672,7.236499786376953,15039.0,13.739999771118164,67.69999694824219,1914.0
2023-06-28,1296.5999755859375,143.8820037841797,7.218699932098389,14982.5,13.430000305175781,69.55999755859375,1912.300048828125
2023-06-29,1309.010009765625,144.38900756835938,7.2434000968933105,14981.0,13.539999961853027,69.86000061035156,1909.199951171875
2023-06-30,1323.0699462890625,144.77999877929688,7.251800060272217,15064.0,13.59000015258789,70.63999938964844,1921.0999755859375
2023-07-03,1315.300048828125,144.3979949951172,7.242400169372559,14986.0,13.569999694824219,69.79000091552734,1921.699951171875
2023-07-04,1306.0999755859375,144.58399963378906,7.239799976348877,15056.0,13.569999694824219,69.79000091552734,1921.699951171875
2023-07-05,1295.5,144.406005859375,7.213500022888184,15010.0,14.180000305175781,71.79000091552734,1919.5999755859375
2023-07-06,1302.969970703125,144.48899841308594,7.246399879455566,15077.0,15.4399995803833,71.80000305175781,1908.699951171875
2023-07-07,1309.219970703125,143.9510040283203,7.249199867248535,15189.2998046875,14.829999923706055,73.86000061035156,1926.199951171875
2023-07-10,1297.3699951171875,142.20899963378906,7.211299896240234,15128.0,15.069999694824219,72.98999786376953,1925.0
2023-07-11,1299.5400390625,141.2969970703125,7.230599880218506,15216.0,14.84000015258789,74.83000183105469,1931.300048828125
2023-07-12,1291.510009765625,140.1179962158203,7.209199905395508,15156.7998046875,13.539999961853027,75.75,1956.199951171875
2023-07-13,1274.699951171875,138.31500244140625,7.165299892425537,14928.0,13.609999656677246,76.88999938964844,1959.199951171875
2023-07-14,1266.8299560546875,138.0749969482422,7.150000095367432,14954.0,13.34000015258789,75.41999816894531,1960.0999755859375
2023-07-17,1268.3399658203125,138.6820068359375,7.1402997970581055,14951.0,13.479999542236328,74.1500015258789,1952.4000244140625
2023-07-18,1265.449951171875,138.72900390625,7.170599937438965,14982.5,13.300000190734863,75.75,1977.199951171875
2023-07-19,1264.93994140625,139.02699279785156,7.179299831390381,14986.0,13.760000228881836,75.3499984741211,1977.5
2023-07-20,1265.0899658203125,139.59800720214844,7.225900173187256,14992.0,13.989999771118164,75.62999725341797,1968.300048828125
2023-07-21,1278.4000244140625,139.86399841308594,7.176499843597412,15051.5,13.600000381469727,77.06999969482422,1964.300048828125
2023-07-24,1285.6500244140625,141.75,7.1778998374938965,15018.0,13.90999984741211,78.73999786376953,1960.300048828125
2023-07-25,1280.530029296875,141.52200317382812,7.185299873352051,15021.5,13.859999656677246,79.62999725341797,1962.0999755859375
2023-07-26,1274.1199951171875,140.91299438476562,7.13539981842041,15032.0,13.1899995803833,78.77999877929688,1968.9000244140625
2023-07-27,1275.1700439453125,140.36700439453125,7.150000095367432,15007.0,14.40999984741211,80.08999633789062,1945.4000244140625
2023-07-28,1283.8800048828125,138.86399841308594,7.173099994659424,15095.0,13.329999923706055,80.58000183105469,1960.4000244140625
2023-07-31,1272.3900146484375,140.75799560546875,7.102799892425537,15088.0,13.630000114440918,81.80000305175781,1970.5
2023-08-01,1277.9300537109375,142.322998046875,7.095699787139893,15104.0,13.930000305175781,81.37000274658203,1940.699951171875
2023-08-02,1289.050048828125,142.97000122070312,7.176499843597412,15131.0,16.09000015258789,79.48999786376953,1937.4000244140625
2023-08-03,1295.3699951171875,143.343994140625,7.190400123596191,15220.0,15.920000076293945,81.55000305175781,1932.0
2023-08-04,1296.4000244140625,142.59800720214844,7.162799835205078,15161.0,17.100000381469727,82.81999969482422,1939.5999755859375
2023-08-07,1303.050048828125,141.87600708007812,7.131199836730957,15163.0,15.770000457763672,81.94000244140625,1933.5
2023-08-08,1307.75,142.5240020751953,7.192299842834473,15232.0,15.989999771118164,82.91999816894531,1924.0999755859375
2023-08-09,1316.6700439453125,143.2779998779297,7.215700149536133,15207.2001953125,15.960000038146973,84.4000015258789,1915.4000244140625
2023-08-10,1313.6400146484375,143.7270050048828,7.208600044250488,15207.0,15.850000381469727,82.81999969482422,1914.4000244140625
2023-08-11,1318.3299560546875,144.85400390625,7.214700222015381,15259.0,14.84000015258789,83.19000244140625,1912.9000244140625
2023-08-14,1329.6099853515625,144.81700134277344,7.192299842834473,15317.0,14.819999694824219,82.51000213623047,1910.5999755859375
2023-08-15,1334.739990234375,145.43699645996094,7.257299900054932,15347.0,16.459999084472656,80.98999786376953,1902.5
2023-08-16,1338.739990234375,145.60800170898438,7.281499862670898,15311.5,16.780000686645508,79.37999725341797,1896.0999755859375
2023-08-17,1343.3299560546875,146.33299255371094,7.296999931335449,15362.0,17.889999389648438,80.38999938964844,1884.0999755859375
2023-08-18,1339.0799560546875,145.71400451660156,7.280399799346924,15362.5,17.299999237060547,81.25,1886.0999755859375
2023-08-21,1339.1700439453125,145.30499267578125,7.280700206756592,15278.0,17.1299991607666,80.72000122070312,1893.300048828125
2023-08-22,1339.739990234375,146.23800659179688,7.197999954223633,15318.900390625,16.969999313354492,80.3499984741211,1896.4000244140625
2023-08-23,1339.68994140625,145.76300048828125,7.292399883270264,15317.0,15.979999542236328,78.88999938964844,1918.5
2023-08-24,1327.780029296875,144.67300415039062,7.170499801635742,15294.099609375,17.200000762939453,79.05000305175781,1918.199951171875
2023-08-25,1326.6199951171875,146.06700134277344,7.276500225067139,15239.0,15.680000305175781,79.83000183105469,1911.0999755859375
2023-08-28,1323.6099853515625,146.531005859375,7.289000034332275,15288.0,15.079999923706055,80.0999984741211,1917.9000244140625
2023-08-29,1322.8199462890625,146.46400451660156,7.289100170135498,15255.5,14.449999809265137,81.16000366210938,1936.5
2023-08-30,1321.0699462890625,145.98800659179688,7.279399871826172,15196.5,13.880000114440918,81.62999725341797,1944.300048828125
2023-08-31,1323.030029296875,146.0989990234375,7.283599853515625,15216.0,13.569999694824219,83.62999725341797,1938.199951171875
2023-09-01,1324.6400146484375,145.47300720214844,7.256899833679199,15231.0,13.09000015258789,85.55000305175781,1939.800048828125
2023-09-04,1317.4599609375,146.0570068359375,7.140100002288818,15233.0,13.09000015258789,85.55000305175781,1939.800048828125
2023-09-05,1317.949951171875,146.54299926757812,7.271900177001953,15227.0,14.010000228881836,86.69000244140625,1926.199951171875
2023-09-06,1331.72998046875,147.4709930419922,7.303400039672852,15298.0,14.449999809265137,87.54000091552734,1918.0999755859375
2023-09-07,1333.4599609375,147.70899963378906,7.315899848937988,15336.0,14.399999618530273,86.87000274658203,1917.5
2023-09-08,1334.02001953125,147.33099365234375,7.3277997970581055,15342.0,13.84000015258789,87.51000213623047,1918.4000244140625
2023-09-11,1335.3199462890625,147.11300659179688,7.232399940490723,15318.0,13.800000190734863,87.29000091552734,1923.300048828125
2023-09-12,1320.43994140625,146.67799377441406,7.288000106811523,15339.099609375,14.229999542236328,88.83999633789062,1911.300048828125
2023-09-13,1324.0999755859375,147.1580047607422,7.290900230407715,15350.2001953125,13.479999542236328,88.5199966430664,1909.0999755859375
2023-09-14,1329.77001953125,147.3459930419922,7.268799781799316,15353.0,12.819999694824219,90.16000366210938,1910.0
2023-09-15,1327.06005859375,147.48199462890625,7.275899887084961,15395.0,13.789999961853027,90.7699966430664,1923.699951171875
2023-09-18,1328.4200439453125,147.8679962158203,7.273900032043457,15346.0,14.0,91.4800033569336,1931.5
2023-09-19,1329.6600341796875,147.60499572753906,7.290599822998047,15377.0,14.109999656677246,91.19999694824219,1932.0
2023-09-20,1328.530029296875,147.74200439453125,7.295599937438965,15384.5,15.140000343322754,90.27999877929688,1945.5999755859375
2023-09-21,1332.3399658203125,148.3209991455078,7.285999774932861,15361.0,17.540000915527344,89.62999725341797,1919.199951171875
2023-09-22,1341.1700439453125,147.6439971923828,7.30649995803833,15400.5,17.200000762939453,90.02999877929688,1925.4000244140625
2023-09-25,1334.6600341796875,148.4340057373047,7.297500133514404,15368.0,16.899999618530273,89.68000030517578,1916.5999755859375
2023-09-26,1338.449951171875,148.81100463867188,7.309899806976318,15405.0,18.940000534057617,90.38999938964844,1900.4000244140625
2023-09-27,1353.75,149.0449981689453,7.310699939727783,15493.0,18.219999313354492,93.68000030517578,1871.5999755859375
2023-09-28,1352.8199462890625,149.4980010986328,7.30810022354126,15569.0,17.34000015258789,91.70999908447266,1860.4000244140625
2023-09-29,1347.8499755859375,149.33700561523438,7.299900054931641,15474.0,17.520000457763672,90.79000091552734,1848.0999755859375
2023-10-02,1351.93994140625,149.5399932861328,7.163599967956543,15448.0,17.610000610351562,88.81999969482422,1830.0
2023-10-03,1354.18994140625,149.8509979248047,7.179900169372559,15516.0,19.780000686645508,89.2300033569336,1824.5999755859375
2023-10-04,1359.219970703125,149.19200134277344,7.194300174713135,15622.0,18.579999923706055,84.22000122070312,1818.5
2023-10-05,1351.1600341796875,148.96600341796875,7.200300216674805,15591.0,18.489999771118164,82.30999755859375,1816.5999755859375
2023-10-06,1346.06005859375,148.46299743652344,7.197700023651123,15631.0,17.450000762939453,82.79000091552734,1830.199951171875
2023-10-09,1343.3599853515625,149.16000366210938,7.30049991607666,15603.0,17.700000762939453,86.37999725341797,1849.5
2023-10-10,1346.8900146484375,148.32699584960938,7.29040002822876,15691.400390625,17.030000686645508,85.97000122070312,1861.0
2023-10-11,1341.8900146484375,148.6280059814453,7.295000076293945,15718.5,16.09000015258789,83.48999786376953,1872.800048828125
2023-10-12,1338.260009765625,149.03599548339844,7.298699855804443,15693.0,16.690000534057617,82.91000366210938,1869.300048828125
2023-10-13,1348.3399658203125,149.7899932861328,7.301499843597412,15739.0,19.31999969482422,87.69000244140625,1927.4000244140625
2023-10-16,1352.0699462890625,149.5659942626953,7.168099880218506,15676.0,17.209999084472656,86.66000366210938,1921.0999755859375
2023-10-17,1347.760009765625,149.5780029296875,7.309299945831299,15675.0,17.8799991607666,86.66000366210938,1922.699951171875
2023-10-18,1352.989990234375,149.75900268554688,7.311699867248535,15728.2001953125,19.219999313354492,88.31999969482422,1955.300048828125
2023-10-19,1354.56005859375,149.74200439453125,7.313499927520752,15807.0,21.399999618530273,89.37000274658203,1968.4000244140625
2023-10-20,1356.22998046875,149.802001953125,7.311200141906738,15856.0,21.709999084472656,88.75,1982.5
2023-10-23,1349.3399658203125,149.8800048828125,7.315400123596191,15868.0,20.3700008392334,85.48999786376953,1976.300048828125
2023-10-24,1334.43994140625,149.7689971923828,7.3140997886657715,15874.0,18.969999313354492,83.73999786376953,1975.0
2023-10-25,1343.6400146484375,149.85400390625,7.309000015258789,15868.0,20.190000534057617,85.38999938964844,1984.0999755859375
2023-10-26,1352.6800537109375,150.09800720214844,7.315700054168701,15877.5,20.68000030517578,83.20999908447266,1987.199951171875
2023-10-27,1350.3399658203125,150.36599731445312,7.314899921417236,15920.0,21.270000457763672,85.54000091552734,1988.5999755859375
2023-10-30,1355.219970703125,149.73300170898438,7.158699989318848,15903.5,19.75,82.30999755859375,1996.199951171875
2023-10-31,1348.0699462890625,149.11099243164062,7.312099933624268,15843.0,18.139999389648438,81.0199966430664,1985.199951171875
2023-11-01,1350.1600341796875,151.29400634765625,7.315499782562256,15748.7001953125,16.8700008392334,80.44000244140625,1978.800048828125
2023-11-02,1347.8399658203125,150.5749969482422,7.315899848937988,15900.0,15.65999984741211,82.45999908447266,1985.5999755859375
2023-11-03,1333.6800537109375,150.4969940185547,7.3140997886657715,15838.0,14.90999984741211,80.51000213623047,1991.5
2023-11-06,1307.8399658203125,149.44900512695312,7.298500061035156,15582.099609375,14.890000343322754,80.81999969482422,1981.5999755859375
2023-11-07,1297.1099853515625,149.98899841308594,7.268599987030029,15570.0,14.8100004196167,77.37000274658203,1966.800048828125
2023-11-08,1304.550048828125,150.39599609375,7.27810001373291,15643.599609375,14.449999809265137,75.33000183105469,1951.5
2023-11-09,1308.1199951171875,150.86399841308594,7.279300212860107,15616.0,15.289999961853027,75.73999786376953,1964.199951171875
2023-11-10,1315.199951171875,151.3489990234375,7.282299995422363,15713.7001953125,14.170000076293945,77.16999816894531,1932.5999755859375
2023-11-13,1319.6199951171875,151.468994140625,7.18179988861084,15683.0,14.760000228881836,78.26000213623047,1945.5
2023-11-14,1319.0699462890625,151.64599609375,7.289000034332275,15667.0,14.15999984741211,78.26000213623047,1961.800048828125
2023-11-15,1304.239990234375,150.48500061035156,7.252099990844727,15281.0,14.180000305175781,76.66000366210938,1960.0999755859375
2023-11-16,1301.8599853515625,151.21499633789062,7.245800018310547,15487.7998046875,14.319999694824219,72.9000015258789,1983.9000244140625
2023-11-17,1292.449951171875,150.7050018310547,7.241000175476074,15475.0,13.800000190734863,75.88999938964844,1981.5999755859375
2023-11-20,1294.5,149.94200134277344,7.209700107574463,15399.400390625,13.40999984741211,77.5999984741211,1977.699951171875
2023-11-21,1288.1500244140625,148.36199951171875,7.167500019073486,15382.099609375,13.350000381469727,77.7699966430664,1999.300048828125
2023-11-22,1295.18994140625,148.15199279785156,7.086900234222412,15501.2998046875,12.850000381469727,77.0999984741211,1991.4000244140625
2023-11-23,1298.7900390625,149.4600067138672,7.154200077056885,15612.7998046875,12.850000381469727,77.0999984741211,1991.4000244140625
2023-11-24,1300.1800537109375,149.63499450683594,7.0858001708984375,15495.0,12.460000038146973,75.54000091552734,2002.199951171875
2023-11-27,1289.7900390625,149.5709991455078,7.081900119781494,15560.0,12.6899995803833,74.86000061035156,2011.800048828125
2023-11-28,1302.530029296875,148.45199584960938,7.130300045013428,15466.5,12.6899995803833,76.41000366210938,2039.699951171875
2023-11-29,1287.530029296875,147.06300354003906,7.063799858093262,15259.0,12.979999542236328,77.86000061035156,2047.0999755859375
2023-11-30,1288.3599853515625,147.03900146484375,7.07889986038208,15407.0,12.920000076293945,75.95999908447266,2038.0999755859375
2023-12-01,1296.6600341796875,147.99899291992188,7.075399875640869,15549.2998046875,12.630000114440918,74.06999969482422,2071.0
2023-12-04,1299.18994140625,146.39300537109375,7.061800003051758,15437.400390625,13.079999923706055,73.04000091552734,2024.0999755859375
2023-12-05,1307.800048828125,147.32699584960938,7.135200023651123,15519.900390625,12.850000381469727,72.31999969482422,2018.5
2023-12-06,1313.3699951171875,147.18499755859375,7.145599842071533,15457.0,12.970000267028809,69.37999725341797,2030.5
2023-12-07,1313.719970703125,147.1840057373047,7.144599914550781,15480.0,13.0600004196167,69.33999633789062,2029.9000244140625
2023-12-08,1312.760009765625,144.2779998779297,7.148799896240234,15500.0,12.350000381469727,71.2300033569336,1998.300048828125
2023-12-11,1316.510009765625,144.98300170898438,7.1265997886657715,15560.2001953125,12.630000114440918,71.31999969482422,1978.0
2023-12-12,1313.6199951171875,146.0850067138672,7.174200057983398,15647.0,12.069999694824219,68.61000061035156,1977.800048828125
2023-12-13,1310.1400146484375,145.27999877929688,7.176000118255615,15569.0,12.1899995803833,69.47000122070312,1982.300048828125
2023-12-14,1292.010009765625,142.7729949951172,7.1717000007629395,15275.0,12.479999542236328,71.58000183105469,2030.199951171875
2023-12-15,1291.9200439453125,142.2790069580078,7.066999912261963,15468.0,12.279999732971191,71.43000030517578,2021.0999755859375
2023-12-18,1276.469970703125,142.31300354003906,7.070499897003174,15282.7998046875,12.5600004196167,72.47000122070312,2026.300048828125
2023-12-19,1302.9300537109375,142.7220001220703,7.131999969482422,15454.400390625,12.529999732971191,73.44000244140625,2038.4000244140625
2023-12-20,1297.760009765625,143.88900756835938,7.067599773406982,15455.0,13.670000076293945,74.22000122070312,2034.5
2023-12-21,1296.97998046875,143.5229949951172,7.134099960327148,15518.0,13.649999618530273,73.88999938964844,2039.0999755859375
2023-12-22,1291.7099609375,142.07000732421875,7.138500213623047,15440.0,13.029999732971191,73.55999755859375,2057.10009765625
2023-12-25,1297.3599853515625,142.3419952392578,7.0833001136779785,15409.2001953125,13.029999732971191,73.55999755859375,2057.10009765625
2023-12-26,1294.5799560546875,142.22999572753906,7.135499954223633,15460.0,12.989999771118164,75.56999969482422,2058.199951171875
2023-12-27,1293.9200439453125,142.46099853515625,7.142399787902832,15400.0,12.430000305175781,74.11000061035156,2081.89990234375
2023-12-28,1294.760009765625,141.3990020751953,7.140200138092041,15373.0,12.470000267028809,71.7699966430664,2073.89990234375
2023-12-29,1277.8399658203125,141.42999267578125,7.10699987411499,15425.0,12.449999809265137,71.6500015258789,2062.39990234375
2024-01-01,1293.530029296875,140.95199584960938,7.068600177764893,15383.099609375,12.449999809265137,71.6500015258789,2062.39990234375
2024-01-02,1293.5400390625,141.12600708007812,7.068600177764893,15383.0,13.199999809265137,70.37999725341797,2064.39990234375
2024-01-03,1307.6199951171875,142.15499877929688,7.089600086212158,15498.0,14.039999961853027,72.69999694824219,2034.199951171875
2024-01-04,1309.530029296875,142.99899291992188,7.098899841308594,15555.0,14.130000114440918,72.19000244140625,2042.300048828125
2024-01-05,1311.25,144.76499938964844,7.110000133514404,15511.0,13.350000381469727,73.80999755859375,2042.4000244140625
2024-01-08,1313.1300048828125,144.71600341796875,7.09250020980835,15477.5,13.079999923706055,70.7699966430664,2026.5999755859375
2024-01-09,1311.800048828125,144.22999572753906,7.090000152587891,15495.5,12.760000228881836,72.23999786376953,2026.4000244140625
2024-01-10,1319.7900390625,144.42799377441406,7.101600170135498,15534.5,12.6899995803833,71.37000274658203,2021.699951171875
2024-01-11,1317.5,145.73399353027344,7.170400142669678,15555.0,12.4399995803833,72.0199966430664,2014.300048828125
2024-01-12,1311.989990234375,145.04600524902344,7.103099822998047,15556.5,12.699999809265137,72.68000030517578,2046.699951171875
2024-01-15,1312.8499755859375,145.1490020751953,7.100599765777588,15503.2001953125,12.699999809265137,72.68000030517578,2046.699951171875
2024-01-16,1319.7099609375,145.79400634765625,7.0970001220703125,15546.0,13.84000015258789,72.4000015258789,2026.0
2024-01-17,1337.7900390625,147.24600219726562,7.116499900817871,15625.0,14.789999961853027,72.55999755859375,2002.5999755859375
2024-01-18,1344.050048828125,148.1179962158203,7.114500045776367,15624.0,14.130000114440918,74.08000183105469,2018.5999755859375
2024-01-19,1337.6600341796875,148.1280059814453,7.114999771118164,15613.099609375,13.300000190734863,73.41000366210938,2026.5
2024-01-22,1333.2099609375,148.12100219726562,7.107100009918213,15601.0,13.1899995803833,75.19000244140625,2019.800048828125
2024-01-23,1338.739990234375,148.14199829101562,7.192699909210205,15655.5,12.550000190734863,74.37000274658203,2023.699951171875
2024-01-24,1336.780029296875,148.25100708007812,7.077600002288818,15715.0,13.140000343322754,75.08999633789062,2013.9000244140625
2024-01-25,1329.8900146484375,147.59100341796875,7.081999778747559,15714.5,13.449999809265137,77.36000061035156,2016.9000244140625
2024-01-26,1336.030029296875,147.72300720214844,7.081099987030029,15808.0,13.260000228881836,78.01000213623047,2016.800048828125
2024-01-29,1336.760009765625,148.13999938964844,7.086599826812744,15767.599609375,13.600000381469727,76.77999877929688,2025.199951171875
2024-01-30,1333.2099609375,147.46800231933594,7.084499835968018,15828.0,13.3100004196167,77.81999969482422,2031.5
2024-01-31,1326.6199951171875,147.36900329589844,7.094099998474121,15785.0,14.350000381469727,75.8499984741211,2048.39990234375
2024-02-01,1333.9100341796875,146.99600219726562,7.1006999015808105,15769.0,13.880000114440918,73.81999969482422,2053.0
2024-02-02,1328.949951171875,146.4510040283203,7.088500022888184,15726.0,13.850000381469727,72.27999877929688,2036.0999755859375
2024-02-05,1337.72998046875,148.50100708007812,7.112599849700928,15727.2001953125,13.670000076293945,72.77999877929688,2025.699951171875
2024-02-06,1333.3900146484375,148.63999938964844,7.108500003814697,15711.5,13.0600004196167,73.30999755859375,2034.5
2024-02-07,1326.7900390625,147.8179931640625,7.100100040435791,15733.0,12.829999923706055,73.86000061035156,2035.199951171875
2024-02-08,1327.6199951171875,148.08599853515625,7.101099967956543,15647.0,12.789999961853027,76.22000122070312,2032.199951171875
2024-02-09,1331.469970703125,149.25900268554688,7.10699987411499,15660.2998046875,12.930000305175781,76.83999633789062,2023.300048828125
2024-02-12,1330.06005859375,149.16700744628906,7.178999900817871,15598.0,13.930000305175781,76.91999816894531,2018.199951171875
2024-02-13,1328.5,149.40499877929688,7.192200183868408,15579.5,15.850000381469727,77.87000274658203,1992.9000244140625
2024-02-14,1340.7900390625,150.7239990234375,7.188700199127197,15661.5,14.380000114440918,76.63999938964844,1990.300048828125
2024-02-15,1326.0,150.54400634765625,7.175899982452393,15553.099609375,14.010000228881836,78.02999877929688,2002.0999755859375
2024-02-16,1327.6600341796875,149.9459991455078,7.163899898529053,15672.0,14.239999771118164,79.19000244140625,2011.5
2024-02-19,1331.5799560546875,150.09100341796875,7.118599891662598,15628.599609375,14.239999771118164,79.19000244140625,2011.5
2024-02-20,1333.3399658203125,150.27000427246094,7.197199821472168,15634.0,15.420000076293945,78.18000030517578,2027.5
2024-02-21,1333.75,149.93899536132812,7.189700126647949,15661.0,15.34000015258789,77.91000366210938,2022.300048828125
2024-02-22,1332.8699951171875,150.35499572753906,7.1880998611450195,15642.0,14.539999961853027,78.61000061035156,2019.699951171875
2024-02-23,1327.1700439453125,150.48300170898438,7.193299770355225,15588.0,13.75,76.48999786376953,2038.5999755859375
2024-02-26,1330.0,150.4980010986328,7.194399833679199,15586.099609375,13.739999771118164,77.58000183105469,2028.5
2024-02-27,1331.719970703125,150.5659942626953,7.196300029754639,15638.5,13.430000305175781,78.87000274658203,2034.0
2024-02-28,1331.7900390625,150.4949951171875,7.197400093078613,15653.0,13.84000015258789,78.54000091552734,2033.0
2024-02-29,1333.3800048828125,150.656005859375,7.196000099182129,15712.2001953125,13.399999618530273,78.26000213623047,2045.699951171875
2024-03-01,1335.199951171875,150.09500122070312,7.18720006942749,15704.0,13.109999656677246,79.97000122070312,2086.89990234375
2024-03-04,1330.9000244140625,150.10499572753906,7.195799827575684,15691.900390625,13.489999771118164,78.73999786376953,2117.699951171875
2024-03-05,1328.93994140625,150.46600341796875,7.19890022277832,15766.0,14.460000038146973,78.1500015258789,2133.5
2024-03-06,1333.4300537109375,150.0489959716797,7.196000099182129,15751.5,14.5,79.12999725341797,2150.300048828125
2024-03-07,1327.0899658203125,149.2689971923828,7.195899963378906,15668.0,14.4399995803833,78.93000030517578,2158.0
2024-03-08,1321.1800537109375,147.8679962158203,7.192299842834473,15621.0,14.739999771118164,78.01000213623047,2178.60009765625
2024-03-11,1315.97998046875,146.7740020751953,7.185200214385986,15536.2998046875,15.220000267028809,77.93000030517578,2182.5
2024-03-12,1310.5400390625,146.73199462890625,7.183800220489502,15518.0,13.84000015258789,77.55999755859375,2160.39990234375
2024-03-13,1311.1500244140625,147.61900329589844,7.181000232696533,15546.0,13.75,79.72000122070312,2175.39990234375
2024-03-14,1313.6500244140625,147.62100219726562,7.186600208282471,15574.0,14.399999618530273,81.26000213623047,2163.0
2024-03-15,1321.9200439453125,148.29600524902344,7.192200183868408,15630.0,14.40999984741211,81.04000091552734,2157.300048828125
2024-03-18,1329.3399658203125,148.9550018310547,7.195000171661377,15639.2998046875,14.329999923706055,82.72000122070312,2160.699951171875
2024-03-19,1336.0899658203125,149.1439971923828,7.197199821472168,15743.0,13.819999694824219,83.47000122070312,2156.300048828125
2024-03-20,1337.02001953125,151.03500366210938,7.197999954223633,15718.0,13.039999961853027,81.68000030517578,2157.89990234375
2024-03-21,1330.1099853515625,150.75999450683594,7.1975998878479,15687.0,12.920000076293945,81.06999969482422,2182.39990234375
2024-03-22,1334.6800537109375,151.63299560546875,7.198200225830078,15723.5,13.0600004196167,80.62999725341797,2158.10009765625
2024-03-25,1343.5999755859375,151.30499267578125,7.228099822998047,15802.599609375,13.1899995803833,81.94999694824219,2174.800048828125
2024-03-26,1339.1300048828125,151.3730010986328,7.208399772644043,15784.0,13.239999771118164,81.62000274658203,2175.60009765625
2024-03-27,1343.06005859375,151.52999877929688,7.217700004577637,15828.0,12.779999732971191,81.3499984741211,2190.60009765625
2024-03-28,1349.800048828125,151.28700256347656,7.225800037384033,15877.0,13.010000228881836,83.16999816894531,2217.39990234375
2024-03-29,1349.800048828125,151.44000244140625,7.226500034332275,15877.0,13.010000228881836,83.16999816894531,2217.39990234375
2024-04-01,1345.31005859375,151.3979949951172,7.220300197601318,15848.0,13.649999618530273,83.70999908447266,2236.5
2024-04-02,1355.530029296875,151.58099365234375,7.229700088500977,15945.7998046875,14.609999656677246,85.1500015258789,2261.0
2024-04-03,1350.72998046875,151.5399932861328,7.232399940490723,15955.0,14.329999923706055,85.43000030517578,2294.39990234375
2024-04-04,1344.8399658203125,151.58099365234375,7.234399795532227,15936.0,16.350000381469727,86.58999633789062,2288.800048828125
2024-04-05,1351.3599853515625,151.29200744628906,7.23390007019043,15904.5,16.030000686645508,86.91000366210938,2325.699951171875
2024-04-08,1350.27001953125,151.69000244140625,7.231400012969971,15881.0,15.1899995803833,86.43000030517578,2331.699951171875
2024-04-09,1354.219970703125,151.84300231933594,7.229700088500977,15918.0,14.979999542236328,85.2300033569336,2343.5
2024-04-10,1348.5400390625,151.77699279785156,7.2307000160217285,15892.2998046875,15.800000190734863,86.20999908447266,2329.60009765625
2024-04-11,1363.760009765625,152.96400451660156,7.231500148773193,15998.2001953125,14.90999984741211,85.0199966430664,2354.800048828125
2024-04-12,1367.8399658203125,153.19200134277344,7.235899925231934,16007.0,17.309999465942383,85.66000366210938,2356.199951171875
2024-04-15,1379.6099853515625,153.2830047607422,7.235599994659424,16111.0,19.229999542236328,85.41000366210938,2365.800048828125
2024-04-16,1387.6700439453125,154.20599365234375,7.236999988555908,16075.0,18.399999618530273,85.36000061035156,2390.800048828125
2024-04-17,1387.3399658203125,154.697998046875,7.236199855804443,16312.2001953125,18.209999084472656,82.69000244140625,2371.699951171875
2024-04-18,1379.5400390625,154.3419952392578,7.237400054931641,16246.0,18.0,82.7300033569336,2382.300048828125
2024-04-19,1379.4000244140625,154.61000061035156,7.236700057983398,16220.0,18.709999084472656,83.13999938964844,2398.39990234375
2024-04-22,1373.9300537109375,154.63999938964844,7.2393999099731445,16210.2998046875,16.940000534057617,82.8499984741211,2332.199951171875
2024-04-23,1378.8399658203125,154.81300354003906,7.242499828338623,16246.0,15.6899995803833,83.36000061035156,2327.699951171875
2024-04-24,1370.47998046875,154.74400329589844,7.244500160217285,16140.2001953125,15.970000267028809,82.80999755859375,2324.5
2024-04-25,1376.969970703125,155.25900268554688,7.244200229644775,16220.0,15.369999885559082,83.56999969482422,2329.800048828125
2024-04-26,1371.699951171875,155.5970001220703,7.23859977722168,16202.0,15.029999732971191,83.8499984741211,2334.800048828125
2024-04-29,1377.0899658203125,158.2239990234375,7.24459981918335,16203.0,14.670000076293945,82.62999725341797,2345.39990234375
2024-04-30,1374.6400146484375,156.31399536132812,7.23769998550415,16246.0,15.649999618530273,81.93000030517578,2291.39990234375
2024-05-01,1385.4599609375,157.7220001220703,7.240699768066406,16273.0,15.390000343322754,79.0,2299.89990234375
2024-05-02,1375.0,155.70399475097656,7.2399001121521,16190.400390625,14.680000305175781,78.94999694824219,2299.199951171875
2024-05-03,1364.6400146484375,153.0449981689453,7.238399982452393,16097.0,13.489999771118164,78.11000061035156,2299.0
2024-05-06,1355.050048828125,153.5659942626953,7.236199855804443,16077.0,13.489999771118164,78.4800033569336,2321.60009765625
2024-05-07,1352.1700439453125,154.23699951171875,7.208000183105469,16034.0,13.229999542236328,78.37999725341797,2315.199951171875
2024-05-08,1357.72998046875,154.7480010986328,7.218400001525879,16073.0,13.0,78.98999786376953,2313.60009765625
2024-05-09,1361.93994140625,155.41900634765625,7.223800182342529,16074.0,12.6899995803833,79.26000213623047,2332.10009765625
2024-05-10,1365.4000244140625,155.38900756835938,7.218699932098389,16030.0,12.550000190734863,78.26000213623047,2367.300048828125
2024-05-13,1370.1099853515625,155.8179931640625,7.225800037384033,16038.0,13.600000381469727,79.12000274658203,2336.10009765625
2024-05-14,1363.7900390625,156.23300170898438,7.2322998046875,16121.0,13.420000076293945,78.0199966430664,2353.39990234375
2024-05-15,1362.550048828125,156.4980010986328,7.2322998046875,16102.0,12.449999809265137,78.62999725341797,2388.699951171875
2024-05-16,1353.5999755859375,154.28199768066406,7.217700004577637,15914.0,12.420000076293945,79.2300033569336,2380.0
2024-05-17,1346.0400390625,155.37899780273438,7.2170000076293945,15930.7998046875,11.989999771118164,80.05999755859375,2412.199951171875
2024-05-20,1353.3900146484375,155.75399780273438,7.222700119018555,15958.0,12.149999618530273,79.80000305175781,2433.89990234375
2024-05-21,1360.1600341796875,156.3699951171875,7.2316999435424805,16031.0,11.859999656677246,79.26000213623047,2421.699951171875
2024-05-22,1363.4200439453125,156.25100708007812,7.237599849700928,16005.0,12.289999961853027,77.56999969482422,2389.199951171875
2024-05-23,1365.81005859375,156.70399475097656,7.240300178527832,16040.7001953125,12.770000457763672,76.87000274658203,2335.0
2024-05-24,1367.6199951171875,156.97300720214844,7.241499900817871,16095.0,11.930000305175781,77.72000122070312,2332.5
2024-05-27,1365.7099609375,156.8699951171875,7.241499900817871,16038.0,11.930000305175781,77.72000122070312,2332.5
2024-05-28,1360.9300537109375,156.84500122070312,7.241499900817871,16071.0,12.920000076293945,79.83000183105469,2355.199951171875
2024-05-29,1362.760009765625,157.26199340820312,7.244999885559082,16117.0,14.279999732971191,79.2300033569336,2340.300048828125
2024-05-30,1370.550048828125,157.60800170898438,7.2494001388549805,16232.099609375,14.470000267028809,77.91000366210938,2342.89990234375
2024-05-31,1375.6199951171875,156.9530029296875,7.233500003814697,16228.0,12.920000076293945,76.98999786376953,2322.89990234375
2024-06-03,1382.0999755859375,157.17999267578125,7.241000175476074,16243.0,13.109999656677246,74.22000122070312,2346.60009765625
2024-06-04,1370.7900390625,156.0760040283203,7.242000102996826,16203.0,13.15999984741211,73.25,2325.5
2024-06-05,1373.719970703125,155.12399291992188,7.242000102996826,16276.0,12.630000114440918,74.06999969482422,2354.10009765625
2024-06-06,1368.739990234375,155.9290008544922,7.246699810028076,16315.0,12.579999923706055,75.55000305175781,2370.300048828125
2024-06-07,1365.25,155.69700622558594,7.244100093841553,16241.7001953125,12.220000267028809,75.52999877929688,2305.199951171875
2024-06-10,1379.050048828125,156.83299255371094,7.246799945831299,16270.0,12.739999771118164,77.73999786376953,2307.699951171875
2024-06-11,1373.9599609375,157.0399932861328,7.246799945831299,16312.0,12.850000381469727,77.9000015258789,2307.5
2024-06-12,1377.3599853515625,157.10499572753906,7.246699810028076,16305.400390625,12.039999961853027,78.5,2336.0
2024-06-13,1370.4100341796875,156.8000030517578,7.238100051879883,16230.0,11.9399995803833,78.62000274658203,2300.199951171875
2024-06-14,1373.739990234375,157.1280059814453,7.2515997886657715,16286.0,12.65999984741211,78.44999694824219,2331.39990234375
2024-06-17,1382.280029296875,157.54600524902344,7.254300117492676,16479.900390625,12.75,80.33000183105469,2312.39990234375
2024-06-18,1379.06005859375,157.6999969482422,7.255000114440918,16479.0,12.300000190734863,81.56999969482422,2330.39990234375
2024-06-19,1378.6099853515625,157.87100219726562,7.252699851989746,16379.0,12.300000190734863,81.56999969482422,2330.39990234375
2024-06-20,1381.1500244140625,157.95799255371094,7.25629997253418,16380.900390625,13.279999732971191,82.16999816894531,2353.800048828125
2024-06-21,1391.8199462890625,158.93099975585938,7.259099960327148,16491.900390625,13.199999809265137,80.7300033569336,2316.39990234375
2024-06-24,1388.3900146484375,159.86099243164062,7.259200096130371,16443.0,13.329999923706055,81.62999725341797,2330.0
2024-06-25,1386.1099853515625,159.68600463867188,7.257699966430664,16394.099609375,12.84000015258789,80.83000183105469,2316.60009765625
2024-06-26,1390.8900146484375,159.68600463867188,7.26140022277832,16401.0,12.550000190734863,80.9000015258789,2299.199951171875
2024-06-27,1393.3800048828125,160.62100219726562,7.263500213623047,16434.0,12.239999771118164,81.73999786376953,2324.5
2024-06-28,1386.949951171875,160.68699645996094,7.267199993133545,16374.400390625,12.4399995803833,81.54000091552734,2327.699951171875
2024-07-01,1380.2900390625,160.90699768066406,7.2657999992370605,16343.0,12.220000267028809,83.37999725341797,2327.60009765625
2024-07-02,1383.4200439453125,161.51199340820312,7.266900062561035,16390.0,12.029999732971191,82.80999755859375,2323.0
2024-07-03,1383.4200439453125,161.50399780273438,7.269400119781494,16391.0,12.09000015258789,83.87999725341797,2359.800048828125
2024-07-04,1385.77001953125,161.62100219726562,7.268599987030029,16340.0,12.09000015258789,83.87999725341797,2359.800048828125
2024-07-05,1380.25,161.35800170898438,7.2657999992370605,16328.5,12.479999542236328,83.16000366210938,2388.5
2024-07-08,1376.5699462890625,160.63800048828125,7.2677998542785645,16245.0,12.369999885559082,82.33000183105469,2355.199951171875
2024-07-09,1382.75,160.85699462890625,7.267099857330322,16277.2001953125,12.510000228881836,81.41000366210938,2360.10009765625
2024-07-10,1382.4200439453125,161.33099365234375,7.271699905395508,16277.0,12.850000381469727,82.0999984741211,2372.199951171875
2024-07-11,1382.989990234375,161.60699462890625,7.274499893188477,16198.0,12.920000076293945,82.62000274658203,2415.0
2024-07-12,1371.27001953125,158.2010040283203,7.254799842834473,16104.0,12.460000038146973,82.20999908447266,2414.0
2024-07-15,1374.1099853515625,158.31300354003906,7.2494001388549805,16108.0,13.119999885559082,81.91000366210938,2422.89990234375
2024-07-16,1383.68994140625,158.14100646972656,7.258900165557861,16195.0,13.1899995803833,80.76000213623047,2462.39990234375
2024-07-17,1382.6400146484375,158.35000610351562,7.2606000900268555,16173.0,14.479999542236328,82.8499984741211,2454.800048828125
2024-07-18,1378.6500244140625,155.68600463867188,7.259399890899658,16138.0,15.930000305175781,82.81999969482422,2451.800048828125
2024-07-19,1385.239990234375,157.14999389648438,7.258900165557861,16185.0,16.520000457763672,80.12999725341797,2395.5
2024-07-22,1388.81005859375,157.4219970703125,7.269000053405762,16206.0,14.90999984741211,79.77999877929688,2392.0
2024-07-23,1387.0999755859375,156.89100646972656,7.27269983291626,16220.2001953125,14.720000267028809,76.95999908447266,2404.60009765625
2024-07-24,1384.5699462890625,155.76800537109375,7.2743000984191895,16222.0,18.040000915527344,77.58999633789062,2413.300048828125
2024-07-25,1382.6500244140625,153.89100646972656,7.261199951171875,16246.0,18.459999084472656,78.27999877929688,2351.89990234375
2024-07-26,1381.4300537109375,153.69700622558594,7.230100154876709,16337.7998046875,16.389999389648438,77.16000366210938,2380.0
2024-07-29,1382.0899658203125,154.13900756835938,7.250100135803223,16283.0,16.600000381469727,75.80999755859375,2377.300048828125
2024-07-30,1381.3599853515625,153.83299255371094,7.258299827575684,16301.7001953125,17.690000534057617,74.7300033569336,2405.0
2024-07-31,1383.5,152.6699981689453,7.250699996948242,16328.5,16.360000610351562,77.91000366210938,2426.5
2024-08-01,1367.9200439453125,149.74400329589844,7.217199802398682,16255.0,18.59000015258789,76.30999755859375,2435.0
2024-08-02,1368.969970703125,149.2010040283203,7.242800235748291,16281.0,23.389999389648438,73.5199966430664,2425.699951171875
2024-08-05,1357.1700439453125,145.58399963378906,7.157199859619141,16012.0,38.56999969482422,72.94000244140625,2401.699951171875
2024-08-06,1367.4000244140625,145.7899932861328,7.120200157165527,16208.0,27.709999084472656,73.19999694824219,2389.10009765625
2024-08-07,1370.31005859375,144.73199462890625,7.156300067901611,16152.2998046875,27.850000381469727,75.2300033569336,2390.5
2024-08-08,1375.3299560546875,146.12399291992188,7.180300235748291,16023.0,23.790000915527344,76.19000244140625,2422.199951171875
2024-08-09,1373.760009765625,147.66900634765625,7.173699855804443,15979.0,20.3700008392334,76.83999633789062,2432.10009765625
2024-08-12,1363.8399658203125,147.04200744628906,7.166299819946289,15918.0,20.709999084472656,80.05999755859375,2462.39990234375
2024-08-13,1369.5400390625,146.98199462890625,7.173999786376953,15949.099609375,18.1200008392334,78.3499984741211,2466.699951171875
2024-08-14,1362.1700439453125,146.9709930419922,7.152900218963623,15749.0,16.190000534057617,76.9800033569336,2439.39990234375
2024-08-15,1355.7099609375,147.2530059814453,7.13730001449585,15619.5,15.229999542236328,78.16000366210938,2453.10009765625
2024-08-16,1363.510009765625,149.2220001220703,7.173399925231934,15755.0,14.800000190734863,76.6500015258789,2498.60009765625
2024-08-19,1348.97998046875,147.95599365234375,7.164000034332275,15683.0,14.649999618530273,74.37000274658203,2501.800048828125
2024-08-20,1330.8800048828125,146.69900512695312,7.140500068664551,15523.0,15.880000114440918,74.04000091552734,2511.300048828125
2024-08-21,1327.5799560546875,145.3470001220703,7.131999969482422,15442.0,16.270000457763672,71.93000030517578,2508.39990234375
2024-08-22,1333.6600341796875,145.1179962158203,7.131800174713135,15484.0,17.549999237060547,73.01000213623047,2478.89990234375
2024-08-23,1339.5400390625,146.20199584960938,7.144400119781494,15728.5,15.859999656677246,74.83000183105469,2508.39990234375
2024-08-26,1323.8800048828125,144.0,7.124000072479248,15377.2001953125,16.149999618530273,77.41999816894531,2517.699951171875
2024-08-27,1326.6400146484375,144.51600646972656,7.118100166320801,15462.599609375,15.430000305175781,75.52999877929688,2516.0
2024-08-28,1326.3599853515625,143.97500610351562,7.1230998039245605,15467.099609375,17.110000610351562,74.5199966430664,2501.0
2024-08-29,1336.68994140625,144.43299865722656,7.124300003051758,15440.0,15.649999618530273,75.91000366210938,2525.699951171875
2024-08-30,1332.8800048828125,144.88999938964844,7.0954999923706055,15444.7998046875,15.0,73.55000305175781,2493.800048828125
2024-09-02,1336.5799560546875,146.38099670410156,7.092100143432617,15525.0,15.0,73.55000305175781,2493.800048828125
2024-09-03,1337.550048828125,146.7220001220703,7.116600036621094,15520.099609375,20.719999313354492,70.33999633789062,2489.89990234375
2024-09-04,1340.4100341796875,145.35299682617188,7.1203999519348145,15532.900390625,21.31999969482422,69.19999694824219,2493.39990234375
2024-09-05,1331.010009765625,143.32400512695312,7.1118998527526855,15444.400390625,19.899999618530273,69.1500015258789,2511.39990234375
2024-09-06,1332.7900390625,143.39300537109375,7.091300010681152,15417.0,22.3799991607666,67.66999816894531,2493.5
2024-09-09,1337.77001953125,142.48599243164062,7.087900161743164,15405.0,19.450000762939453,68.70999908447266,2501.800048828125
2024-09-10,1341.27001953125,143.177001953125,7.11359977722168,15456.7998046875,19.079999923706055,65.75,2512.300048828125
2024-09-11,1343.3399658203125,142.23399353027344,7.120800018310547,15489.0,17.690000534057617,67.30999755859375,2512.10009765625
2024-09-12,1339.1800537109375,142.58999633789062,7.119699954986572,15437.0,17.06999969482422,68.97000122070312,2551.199951171875
2024-09-13,1335.68994140625,141.49899291992188,7.116600036621094,15418.7001953125,16.559999465942383,68.6500015258789,2581.300048828125
2024-09-16,1329.510009765625,140.7899932861328,7.092700004577637,15393.0,17.139999389648438,70.08999633789062,2580.39990234375
2024-09-17,1319.1099853515625,140.7899932861328,7.09250020980835,15385.0,17.610000610351562,71.19000244140625,2564.300048828125
2024-09-18,1322.9300537109375,142.01499938964844,7.09250020980835,15345.0,18.229999542236328,70.91000366210938,2570.699951171875
2024-09-19,1322.260009765625,142.7100067138672,7.080999851226807,15300.2001953125,16.329999923706055,71.94999694824219,2588.0
2024-09-20,1327.6099853515625,142.85800170898438,7.066999912261963,15197.599609375,16.149999618530273,71.91999816894531,2619.89990234375
2024-09-23,1331.5,144.00399780273438,7.050899982452393,15154.0,15.890000343322754,70.37000274658203,2626.5
2024-09-24,1333.6199951171875,143.63800048828125,7.051300048828125,15174.099609375,15.390000343322754,71.55999755859375,2651.199951171875
2024-09-25,1324.8900146484375,142.96299743652344,7.030200004577637,15121.099609375,15.40999984741211,69.69000244140625,2659.199951171875
2024-09-26,1335.050048828125,144.68299865722656,7.032299995422363,15201.5,15.369999885559082,67.66999816894531,2669.89990234375
2024-09-27,1313.300048828125,145.0760040283203,7.008999824523926,15070.0,16.959999084472656,68.18000030517578,2644.300048828125
2024-09-30,1309.300048828125,142.7830047607422,7.010300159454346,15118.0,16.729999542236328,68.16999816894531,2636.10009765625
2024-10-01,1315.3299560546875,143.7100067138672,7.017499923706055,15170.599609375,19.260000228881836,69.83000183105469,2667.300048828125
2024-10-02,1324.8399658203125,143.73599243164062,7.030399799346924,15260.599609375,18.899999618530273,70.0999984741211,2647.10009765625
2024-10-03,1324.030029296875,146.58200073242188,7.037700176239014,15324.0,20.489999771118164,73.70999908447266,2657.10009765625
2024-10-04,1334.4100341796875,146.83999633789062,7.045100212097168,15457.0,19.209999084472656,74.37999725341797,2645.800048828125
2024-10-07,1345.8800048828125,148.82000732421875,7.017499923706055,15650.0,22.639999389648438,77.13999938964844,2644.800048828125
2024-10-08,1342.3699951171875,148.14599609375,7.019100189208984,15744.0,21.420000076293945,73.56999969482422,2615.0
2024-10-09,1341.31005859375,148.15899658203125,7.057799816131592,15682.400390625,20.860000610351562,73.23999786376953,2606.0
2024-10-10,1343.02001953125,149.16000366210938,7.080100059509277,15664.599609375,20.93000030517578,75.8499984741211,2620.60009765625
2024-10-11,1349.739990234375,148.70399475097656,7.080100059509277,15670.900390625,20.459999084472656,75.55999755859375,2657.60009765625
2024-10-14,1348.3299560546875,149.33399963378906,7.065199851989746,15562.0,19.700000762939453,73.83000183105469,2647.800048828125
2024-10-15,1357.27001953125,149.6699981689453,7.087200164794922,15573.0,20.639999389648438,70.58000183105469,2661.39990234375
2024-10-16,1363.1800537109375,149.0989990234375,7.117800235748291,15578.599609375,19.579999923706055,70.38999938964844,2674.0
2024-10-17,1364.199951171875,149.5760040283203,7.1184000968933105,15583.900390625,19.110000610351562,70.66999816894531,2691.0
2024-10-18,1370.050048828125,150.10000610351562,7.123000144958496,15493.0,18.030000686645508,69.22000122070312,2713.699951171875
2024-10-21,1369.010009765625,149.60000610351562,7.100800037384033,15467.0,18.3700008392334,70.55999755859375,2723.10009765625
2024-10-22,1376.5,150.60499572753906,7.118000030517578,15556.0,18.200000762939453,72.08999633789062,2744.199951171875
2024-10-23,1376.6300048828125,151.13800048828125,7.121699810028076,15586.0,19.239999771118164,70.7699966430664,2714.39990234375
2024-10-24,1377.3399658203125,152.7689971923828,7.12529993057251,15663.0,19.079999923706055,70.19000244140625,2734.89990234375
2024-10-25,1376.3199462890625,151.7830047607422,7.11870002746582,15621.5,20.329999923706055,71.77999877929688,2740.89990234375
2024-10-28,1387.6600341796875,152.95199584960938,7.120100021362305,15688.099609375,19.799999237060547,67.37999725341797,2742.89990234375
2024-10-29,1381.969970703125,153.1790008544922,7.127500057220459,15747.0,19.34000015258789,67.20999908447266,2768.39990234375
2024-10-30,1383.1800537109375,153.2740020751953,7.130099773406982,15768.0,20.350000381469727,68.61000061035156,2788.5
2024-10-31,1378.5699462890625,153.20399475097656,7.114799976348877,15695.5,23.15999984741211,69.26000213623047,2738.300048828125
2024-11-01,1372.9300537109375,151.97999572753906,7.118500232696533,15713.0,21.8799991607666,69.48999786376953,2738.60009765625
2024-11-04,1379.3399658203125,152.28700256347656,7.121699810028076,15842.0,21.979999542236328,71.47000122070312,2736.10009765625
2024-11-05,1372.8599853515625,152.2760009765625,7.097799777984619,15790.0,20.489999771118164,71.98999786376953,2740.300048828125
2024-11-06,1378.0,151.43499755859375,7.102200031280518,15665.0,16.270000457763672,71.69000244140625,2667.60009765625
2024-11-07,1399.800048828125,154.32000732421875,7.1768999099731445,15818.2001953125,15.199999809265137,72.36000061035156,2698.39990234375
2024-11-08,1372.0799560546875,153.17999267578125,7.141200065612793,15558.0,14.9399995803833,70.37999725341797,2687.5
2024-11-11,1397.199951171875,152.9040069580078,7.178199768066406,15647.2001953125,14.970000267028809,68.04000091552734,2611.199951171875
2024-11-12,1400.550048828125,153.47999572753906,7.211100101470947,15765.0,14.710000038146973,68.12000274658203,2600.0
2024-11-13,1406.6500244140625,154.65499877929688,7.231599807739258,15788.900390625,14.020000457763672,68.43000030517578,2580.800048828125
2024-11-14,1399.0,155.4290008544922,7.223499774932861,15847.2001953125,14.3100004196167,68.69999694824219,2568.199951171875
2024-11-15,1400.8299560546875,156.46800231933594,7.2291998863220215,15933.2998046875,16.139999389648438,67.0199966430664,2565.699951171875
2024-11-18,1394.3499755859375,154.66400146484375,7.230999946594238,15891.2998046875,15.579999923706055,69.16000366210938,2610.60009765625
2024-11-19,1389.5,154.61700439453125,7.235400199890137,15806.099609375,16.350000381469727,69.38999938964844,2627.10009765625
2024-11-20,1392.1600341796875,154.71800231933594,7.238100051879883,15817.099609375,17.15999984741211,68.87000274658203,2648.199951171875
2024-11-21,1397.6199951171875,155.2949981689453,7.24399995803833,15913.0,16.8700008392334,70.0999984741211,2672.10009765625
2024-11-22,1399.5999755859375,154.21800231933594,7.233699798583984,15816.900390625,15.239999771118164,71.23999786376953,2709.89990234375
2024-11-25,1403.510009765625,154.14599609375,7.242000102996826,15940.0,14.600000381469727,68.94000244140625,2616.800048828125
2024-11-26,1395.56005859375,154.3780059814453,7.239500045776367,15901.2001953125,14.100000381469727,68.7699966430664,2620.300048828125
2024-11-27,1395.27001953125,153.00900268554688,7.251999855041504,15930.0,14.100000381469727,68.72000122070312,2639.89990234375
2024-11-28,1388.469970703125,151.33599853515625,7.246200084686279,15863.5,14.100000381469727,68.72000122070312,2639.89990234375
2024-11-29,1393.300048828125,151.1739959716797,7.2428998947143555,15878.0,13.510000228881836,68.0,2657.0
2024-12-02,1399.8599853515625,149.8979949951172,7.240699768066406,15829.0,13.34000015258789,68.0999984741211,2634.89990234375
2024-12-03,1401.06005859375,149.50799560546875,7.270899772644043,15910.0,13.300000190734863,69.94000244140625,2644.699951171875
2024-12-04,1411.6700439453125,149.64700317382812,7.28380012512207,15940.0,13.449999809265137,68.54000091552734,2653.800048828125
2024-12-05,1410.800048828125,150.56700134277344,7.263000011444092,15906.599609375,13.539999961853027,68.30000305175781,2626.60009765625
2024-12-06,1399.989990234375,150.20700073242188,7.259200096130371,15839.7998046875,12.770000457763672,67.19999694824219,2638.60009765625
2024-12-09,1424.219970703125,150.02999877929688,7.2692999839782715,15825.7998046875,14.1899995803833,68.37000274658203,2664.89990234375
2024-12-10,1426.5999755859375,151.4080047607422,7.259500026702881,15864.0,14.180000305175781,68.58999633789062,2697.60009765625
2024-12-11,1433.949951171875,151.8070068359375,7.248700141906738,15908.0,13.579999923706055,70.29000091552734,2733.800048828125
2024-12-12,1429.1500244140625,152.2449951171875,7.261099815368652,15963.0,13.920000076293945,70.0199966430664,2687.5
2024-12-13,1427.8599853515625,152.58700561523438,7.267600059509277,15967.400390625,13.8100004196167,71.29000091552734,2656.0
2024-12-16,1434.449951171875,153.4530029296875,7.275100231170654,16025.7998046875,14.6899995803833,70.70999908447266,2651.39990234375
2024-12-17,1431.3499755859375,154.08599853515625,7.282400131225586,15955.0,15.869999885559082,70.08000183105469,2644.39990234375
2024-12-18,1436.4200439453125,153.57200622558594,7.284599781036377,15926.2001953125,27.6200008392334,70.58000183105469,2636.5
2024-12-19,1451.5,154.67300415039062,7.285399913787842,16145.2998046875,24.09000015258789,69.91000366210938,2592.199951171875
2024-12-20,1437.449951171875,157.6439971923828,7.295400142669678,15981.2998046875,18.360000610351562,69.45999908447266,2628.699951171875
2024-12-23,1445.4200439453125,156.5330047607422,7.295400142669678,16159.2998046875,16.780000686645508,69.23999786376953,2612.300048828125
2024-12-24,1442.699951171875,157.1649932861328,7.296999931335449,16217.599609375,14.270000457763672,70.0999984741211,2620.0
2024-12-25,1453.4200439453125,157.10699462890625,7.294600009918213,15970.7998046875,14.270000457763672,70.0999984741211,2620.0
2024-12-26,1457.6099853515625,157.13299560546875,7.2972002029418945,15069.400390625,14.729999542236328,69.62000274658203,2638.800048828125
2024-12-27,1466.989990234375,157.7480010986328,7.297299861907959,16189.0,15.949999809265137,70.5999984741211,2617.199951171875
2024-12-30,1472.800048828125,157.8730010986328,7.297800064086914,16178.0,17.399999618530273,70.98999786376953,2606.10009765625
2024-12-31,1467.3900146484375,156.9949951171875,7.298099994659424,16085.599609375,17.350000381469727,71.72000122070312,2629.199951171875
2025-01-02,1473.52001953125,157.718994140625,7.298099994659424,16230.5,17.93000030517578,73.12999725341797,2658.89990234375
2025-01-03,1471.6500244140625,157.36199951171875,7.298600196838379,16201.099609375,16.1299991607666,73.95999908447266,2645.0
2025-01-06,1465.530029296875,157.4810028076172,7.3196001052856445,16178.7998046875,16.040000915527344,73.55999755859375,2638.39990234375
2025-01-07,1459.449951171875,157.7429962158203,7.322299957275391,16179.099609375,17.81999969482422,74.25,2656.699951171875
2025-01-08,1451.8800048828125,158.23599243164062,7.326399803161621,16157.7001953125,17.700000762939453,73.31999969482422,2664.5
2025-01-09,1457.969970703125,158.19200134277344,7.331500053405762,16187.599609375,17.700000762939453,73.91999816894531,2683.800048828125
2025-01-10,1455.22998046875,158.04800415039062,7.332099914550781,16237.0,19.540000915527344,76.56999969482422,2708.5
2025-01-13,1472.25,157.88699340820312,7.331699848175049,16268.0,19.190000534057617,78.81999969482422,2673.5
2025-01-14,1458.8900146484375,157.36399841308594,7.329800128936768,16295.2001953125,18.709999084472656,77.5,2677.5
2025-01-15,1460.43994140625,158.0500030517578,7.330900192260742,16320.0,16.1200008392334,80.04000091552734,2712.5
2025-01-16,1437.219970703125,156.2550048828125,7.330100059509277,16360.7998046875,16.600000381469727,78.68000030517578,2746.39990234375
2025-01-17,1453.3199462890625,155.3560028076172,7.330999851226807,16368.7998046875,15.970000267028809,77.87999725341797,2744.300048828125
2025-01-20,1457.3800048828125,156.30599975585938,7.323999881744385,16367.099609375,15.970000267028809,77.87999725341797,2744.300048828125
2025-01-21,1435.530029296875,155.24899291992188,7.313300132751465,16245.0,15.0600004196167,75.88999938964844,2755.0
2025-01-22,1425.7900390625,155.7740020751953,7.271200180053711,16330.7998046875,15.100000381469727,75.44000244140625,2767.60009765625
2025-01-23,1434.3399658203125,156.44000244140625,7.271200180053711,16232.7998046875,15.020000457763672,74.62000274658203,2763.10009765625
2025-01-24,1433.9300537109375,156.15499877929688,7.286200046539307,16230.900390625,14.850000381469727,74.66000366210938,2777.300048828125
2025-01-27,1427.6300048828125,155.74400329589844,7.243100166320801,16164.900390625,17.899999618530273,73.16999816894531,2737.5
2025-01-28,1417.9200439453125,154.90899658203125,7.250699996948242,16155.599609375,16.40999984741211,73.7699966430664,2766.800048828125
2025-01-29,1443.260009765625,155.5590057373047,7.250199794769287,15881.2001953125,16.559999465942383,72.62000274658203,2769.10009765625
2025-01-30,1443.3199462890625,155.1699981689453,7.169000148773193,16238.0,15.84000015258789,72.7300033569336,2823.0
2025-01-31,1441.6600341796875,154.0970001220703,7.1809000968933105,16274.5,16.43000030517578,72.52999877929688,2812.5
2025-02-03,1456.780029296875,155.36300659179688,7.185800075531006,16341.2998046875,18.6200008392334,73.16000366210938,2833.89990234375
2025-02-04,1459.050048828125,155.27699279785156,7.195000171661377,16320.0,17.209999084472656,72.69999694824219,2853.300048828125
2025-02-05,1450.1600341796875,154.13299560546875,7.1819000244140625,16299.099609375,15.770000457763672,71.02999877929688,2871.60009765625
2025-02-06,1443.8900146484375,152.6060028076172,7.270500183105469,16298.099609375,15.5,70.61000061035156,2856.0
2025-02-07,1442.1500244140625,151.1929931640625,7.287799835205078,16327.0,16.540000915527344,71.0,2867.300048828125
2025-02-10,1450.6199951171875,151.8459930419922,7.286799907684326,16314.7001953125,15.8100004196167,72.31999969482422,2914.300048828125
2025-02-11,1453.2099609375,151.75900268554688,7.304500102996826,16330.099609375,16.020000457763672,73.31999969482422,2912.5
2025-02-12,1450.75,152.73899841308594,7.307199954986572,16343.2998046875,15.890000343322754,71.37000274658203,2909.0
2025-02-13,1452.1199951171875,154.2550048828125,7.308800220489502,16375.0,15.100000381469727,71.29000091552734,2925.89990234375
2025-02-14,1438.739990234375,152.98899841308594,7.28879976272583,16219.0,14.770000457763672,70.73999786376953,2883.60009765625
2025-02-17,1432.5999755859375,152.0229949951172,7.252999782562256,16173.0,14.770000457763672,70.73999786376953,2883.60009765625
2025-02-18,1441.2900390625,151.44400024414062,7.252999782562256,16220.0,15.350000381469727,71.8499984741211,2931.60009765625
2025-02-19,1440.0799560546875,151.93099975585938,7.278600215911865,16317.0,15.270000457763672,72.25,2919.39990234375
2025-02-20,1439.97998046875,151.22000122070312,7.283299922943115,16346.400390625,15.65999984741211,72.56999969482422,2940.0
2025-02-21,1431.699951171875,149.4080047607422,7.255499839782715,16245.099609375,18.209999084472656,70.4000015258789,2937.60009765625
2025-02-24,1434.2900390625,149.38699340820312,7.25,16278.0,18.979999542236328,70.69999694824219,2947.89990234375
2025-02-25,1428.6500244140625,149.86399841308594,7.247600078582764,16279.2998046875,19.43000030517578,68.93000030517578,2904.5
2025-02-26,1429.5,149.0780029296875,7.247600078582764,16314.0,19.100000381469727,68.62000274658203,2916.800048828125
2025-02-27,1434.4200439453125,148.83799743652344,7.257999897003174,16367.400390625,21.1299991607666,70.3499984741211,2883.199951171875
2025-02-28,1449.8599853515625,150.01199340820312,7.285299777984619,16553.69921875,19.6299991607666,69.76000213623047,2836.800048828125
2025-03-03,1459.800048828125,150.77099609375,7.282800197601318,16522.0,22.780000686645508,68.37000274658203,2890.199951171875
2025-03-04,1457.9300537109375,149.30499267578125,7.284299850463867,16451.19921875,23.510000228881836,68.26000213623047,2909.60009765625
2025-03-05,1452.8499755859375,149.7989959716797,7.265100002288818,16379.0,21.93000030517578,66.30999755859375,2915.300048828125
2025-03-06,1443.030029296875,148.8979949951172,7.2505998611450195,16268.900390625,24.8700008392334,66.36000061035156,2916.60009765625
2025-03-07,1446.5,148.10800170898438,7.2505998611450195,16322.099609375,23.3700008392334,67.04000091552734,2904.699951171875
2025-03-10,1446.260009765625,147.60800170898438,7.234000205993652,16292.599609375,27.860000610351562,66.02999877929688,2891.0
2025-03-11,1457.030029296875,147.06900024414062,7.259099960327148,16324.0,26.920000076293945,66.25,2912.89990234375
2025-03-12,1451.02001953125,148.04200744628906,7.259099960327148,16433.900390625,24.229999542236328,67.68000030517578,2939.10009765625
2025-03-13,1448.75,148.2790069580078,7.237100124359131,16305.599609375,24.65999984741211,66.55000305175781,2984.300048828125
2025-03-14,1453.22998046875,147.94900512695312,7.237100124359131,16259.2998046875,21.770000457763672,67.18000030517578,2994.5
2025-03-17,1449.050048828125,148.59800720214844,7.237100124359131,16321.0,20.510000228881836,67.58000183105469,3000.0
2025-03-18,1442.489990234375,149.37899780273438,7.232699871063232,16370.0,21.700000762939453,66.9000015258789,3035.10009765625
2025-03-19,1448.93994140625,149.45199584960938,7.22730016708374,16514.5,19.899999618530273,67.16000366210938,3035.89990234375
2025-03-20,1443.3900146484375,148.49000549316406,7.230000019073486,16330.2998046875,19.799999237060547,68.26000213623047,3040.0
2025-03-21,1465.8199462890625,148.5959930419922,7.247700214385986,16428.5,19.280000686645508,68.27999877929688,3018.199951171875
2025-03-24,1464.780029296875,149.677001953125,7.248499870300293,16519.0,17.479999542236328,69.11000061035156,3013.10009765625
2025-03-25,1466.27001953125,150.7740020751953,7.252999782562256,16575.80078125,17.149999618530273,69.0,3023.699951171875
2025-03-26,1462.0899658203125,149.9499969482422,7.256899833679199,16621.0,18.329999923706055,69.6500015258789,3020.89990234375
2025-03-27,1465.6800537109375,150.47300720214844,7.256899833679199,16629.0,18.690000534057617,69.91999816894531,3060.199951171875
2025-03-28,1461.8900146484375,150.8470001220703,7.263299942016602,16560.900390625,21.649999618530273,69.36000061035156,3086.5
2025-03-31,1469.4100341796875,149.61700439453125,7.262800216674805,16575.0,22.280000686645508,71.4800033569336,3122.800048828125
2025-04-01,1471.9599609375,149.91299438476562,7.256700038909912,16652.0,21.770000457763672,71.19999694824219,3118.89990234375
2025-04-02,1469.969970703125,149.7830047607422,7.269700050354004,16731.400390625,21.510000228881836,71.70999908447266,3139.89990234375
2025-04-03,1466.0400390625,147.8719940185547,7.267499923706055,16739.0,30.020000457763672,66.94999694824219,3097.0
2025-04-04,1450.6800537109375,146.2310028076172,7.267499923706055,16739.80078125,45.310001373291016,61.9900016784668,3012.0
2025-04-07,1458.52001953125,145.43299865722656,7.281300067901611,16738.0,46.97999954223633,60.70000076293945,2951.300048828125
2025-04-08,1469.949951171875,147.78900146484375,7.30810022354126,16855.69921875,52.33000183105469,59.58000183105469,2968.39990234375
2025-04-09,1486.1300048828125,145.84500122070312,7.338799953460693,17051.900390625,33.619998931884766,62.349998474121094,3056.5
2025-04-10,1443.949951171875,147.3990020751953,7.349999904632568,16805.5,40.720001220703125,60.06999969482422,3155.199951171875
2025-04-11,1452.0400390625,143.7469940185547,7.314000129699707,16833.80078125,37.560001373291016,61.5,3222.199951171875
2025-04-14,1419.050048828125,143.6959991455078,7.291600227355957,16788.0,30.889999389648438,61.529998779296875,3204.800048828125
2025-04-15,1419.4200439453125,143.2209930419922,7.3119001388549805,16780.0,30.1200008392334,61.33000183105469,3218.699951171875
2025-04-16,1427.02001953125,143.18099975585938,7.3119001388549805,16813.5,32.63999938964844,62.470001220703125,3326.60009765625
2025-04-17,1414.22998046875,141.92799377441406,7.3119001388549805,16794.599609375,29.649999618530273,64.68000030517578,3308.699951171875
2025-04-21,1414.22998046875,141.92799377441406,7.3119001388549805,16794.599609375,33.81999969482422,63.08000183105469,3406.199951171875
2025-04-22,1421.6400146484375,140.87600708007812,7.298999786376953,16814.900390625,30.56999969482422,64.30999755859375,3400.800048828125
2025-04-23,1429.219970703125,142.68800354003906,7.311800003051758,16858.099609375,28.450000762939453,62.27000045776367,3276.300048828125
2025-04-24,1426.449951171875,143.22300720214844,7.285999774932861,16846.0,26.469999313354492,62.790000915527344,3332.0
2025-04-25,1430.06005859375,142.87899780273438,7.285999774932861,16778.5,24.84000015258789,63.02000045776367,3282.39990234375
2025-04-28,1437.3599853515625,143.84100341796875,7.286399841308594,16823.0,25.149999618530273,62.04999923706055,3332.5
2025-04-29,1435.8800048828125,142.17799377441406,7.294000148773193,16795.0,24.170000076293945,60.41999816894531,3318.800048828125
2025-04-30,1431.1600341796875,142.2989959716797,7.269000053405762,16711.900390625,24.700000762939453,58.209999084472656,3305.0
2025-05-01,1423.75,143.00900268554688,7.270599842071533,16545.900390625,24.600000381469727,59.2400016784668,3210.0
2025-05-02,1435.0999755859375,145.447998046875,7.270599842071533,16606.0,22.68000030517578,58.290000915527344,3231.89990234375
2025-05-05,1398.9000244140625,144.62399291992188,7.270599842071533,16460.0,23.639999389648438,57.130001068115234,3311.300048828125
2025-05-06,1374.3699951171875,143.6540069580078,7.269999980926514,16421.5,24.760000228881836,59.09000015258789,3411.39990234375
2025-05-07,1374.77001953125,143.03500366210938,7.216300010681152,16432.0,23.549999237060547,58.06999969482422,3381.39990234375
2025-05-08,1397.2900390625,143.84800720214844,7.225200176239014,16492.599609375,22.479999542236328,59.90999984741211,3296.60009765625
2025-05-09,1403.8499755859375,146.01499938964844,7.225200176239014,16538.30078125,21.899999618530273,61.02000045776367,3335.39990234375
2025-05-12,1395.1700439453125,145.81199645996094,7.236299991607666,16543.0,18.389999389648438,61.95000076293945,3220.0
2025-05-13,1416.030029296875,148.30999755859375,7.2017998695373535,16688.80078125,18.219999313354492,63.66999816894531,3240.300048828125
2025-05-14,1416.0,147.5279998779297,7.205699920654297,16599.400390625,18.6200008392334,63.150001525878906,3181.39990234375
2025-05-15,1407.3299560546875,146.64999389648438,7.205699920654297,16558.19921875,17.829999923706055,61.619998931884766,3220.699951171875
2025-05-16,1397.02001953125,145.61300659179688,7.206500053405762,16511.80078125,17.239999771118164,62.4900016784668,3182.0
2025-05-19,1398.1300048828125,145.29800415039062,7.209000110626221,16487.0,18.139999389648438,62.689998626708984,3228.89990234375
2025-05-20,1388.550048828125,144.97500610351562,7.209000110626221,16428.0,18.09000015258789,62.560001373291016,3280.300048828125
2025-05-21,1392.72998046875,144.3280029296875,7.219399929046631,16403.0,20.8700008392334,61.56999969482422,3309.300048828125
2025-05-22,1373.8599853515625,143.7550048828125,7.201900005340576,16347.599609375,20.280000686645508,61.20000076293945,3292.300048828125
2025-05-23,1381.3399658203125,143.85800170898438,7.203700065612793,16356.900390625,22.290000915527344,61.529998779296875,3363.60009765625
2025-05-26,1364.72998046875,142.86700439453125,7.203700065612793,16211.0,22.290000915527344,61.529998779296875,3363.60009765625
2025-05-27,1368.0999755859375,142.65499877929688,7.203700065612793,16243.5,18.959999084472656,60.88999938964844,3299.10009765625
2025-05-28,1374.800048828125,144.177001953125,7.203700065612793,16279.0,19.309999465942383,61.84000015258789,3293.60009765625
2025-05-29,1373.5999755859375,145.69700622558594,7.203700065612793,16286.0,19.18000030517578,60.939998626708984,3317.10009765625
2025-05-30,1370.4100341796875,143.7790069580078,7.203700065612793,16293.0,18.56999969482422,60.790000915527344,3288.89990234375
2025-06-02,1381.989990234375,143.81500244140625,7.203700065612793,16322.0,18.360000610351562,62.52000045776367,3370.60009765625
2025-06-03,1376.0699462890625,142.45199584960938,7.203700065612793,16288.5,17.690000534057617,63.40999984741211,3350.199951171875
2025-06-04,1377.719970703125,143.83700561523438,7.203700065612793,16332.400390625,17.610000610351562,62.849998474121094,3373.5
2025-06-05,1361.0899658203125,142.73199462890625,7.203700065612793,16291.5,18.479999542236328,63.369998931884766,3350.699951171875
2025-06-06,1354.550048828125,143.54200744628906,7.175000190734863,16246.400390625,16.770000457763672,64.58000183105469,3322.699951171875
2025-06-09,1359.18994140625,144.6909942626953,7.188600063323975,16309.0,17.15999984741211,65.29000091552734,3332.10009765625
2025-06-10,1353.8499755859375,144.5399932861328,7.180200099945068,16278.7998046875,16.950000762939453,64.9800033569336,3320.89990234375
2025-06-11,1363.8800048828125,144.83799743652344,7.180200099945068,16247.7998046875,17.260000228881836,68.1500015258789,3321.300048828125
2025-06-12,1365.68994140625,144.2030029296875,7.192800045013428,15778.0,18.020000457763672,68.04000091552734,3380.89990234375
2025-06-13,1349.7900390625,143.19400024414062,7.192800045013428,16164.5,20.81999969482422,72.9800033569336,3431.199951171875
2025-06-16,1365.1400146484375,144.09100341796875,7.181000232696533,16282.599609375,19.110000610351562,71.7699966430664,3396.39990234375
2025-06-17,1357.780029296875,144.72900390625,7.178999900817871,15801.0,21.600000381469727,74.83999633789062,3386.60009765625
2025-06-18,1380.5,145.37600708007812,7.184500217437744,16275.0,20.139999389648438,75.13999938964844,3389.800048828125
2025-06-19,1370.75,144.9550018310547,7.188799858093262,15598.5,20.139999389648438,75.13999938964844,3389.800048828125
2025-06-20,1374.8900146484375,145.21800231933594,7.188000202178955,16390.0,20.6200008392334,74.93000030517578,3368.10009765625
2025-06-23,1369.469970703125,146.2239990234375,7.188000202178955,16431.0,19.829999923706055,68.51000213623047,3377.699951171875
2025-06-24,1361.93994140625,145.92799377441406,7.178999900817871,16370.0,17.479999542236328,64.37000274658203,3317.39990234375
2025-06-25,1353.780029296875,144.95700073242188,7.171299934387207,16290.0,16.760000228881836,64.91999816894531,3327.10009765625
2025-06-26,1357.030029296875,144.9040069580078,7.176400184631348,16290.0,16.59000015258789,65.23999786376953,3333.5
2025-06-27,1352.760009765625,144.69400024414062,7.167500019073486,16222.7998046875,16.31999969482422,65.5199966430664,3273.699951171875
2025-06-30,1363.5899658203125,144.51699829101562,7.172100067138672,16229.0,16.729999542236328,65.11000061035156,3294.39990234375
2025-07-01,1348.5,143.8000030517578,7.163599967956543,16230.0,16.829999923706055,65.44999694824219,3336.699951171875
2025-07-02,1355.5899658203125,143.40199279785156,7.1645002365112305,16236.400390625,16.639999389648438,67.44999694824219,3348.0
2025-07-03,1354.75,143.5260009765625,7.164899826049805,16235.0,16.3799991607666,67.0,3331.60009765625
2025-07-04,1357.0999755859375,144.6820068359375,7.164899826049805,16203.7001953125,16.3799991607666,66.5,3332.5
2025-07-07,1362.199951171875,144.4980010986328,7.164899826049805,16178.0,17.790000915527344,67.93000030517578,3332.199951171875
2025-07-08,1374.6400146484375,145.89199829101562,7.1743998527526855,16318.900390625,16.809999465942383,68.33000183105469,3307.0
2025-07-09,1370.300048828125,146.8489990234375,7.173799991607666,16261.0,15.9399995803833,68.37999725341797,3311.60009765625
2025-07-10,1373.0,146.11399841308594,7.179999828338623,16235.0,15.779999732971191,66.56999969482422,3317.39990234375
2025-07-11,1372.6400146484375,146.28799438476562,7.174799919128418,16209.099609375,16.399999618530273,68.44999694824219,3356.0
2025-07-14,1378.1700439453125,147.2949981689453,7.168099880218506,16222.0,17.200000762939453,66.9800033569336,3351.5
2025-07-15,1382.010009765625,147.79200744628906,7.166999816894531,16256.2001953125,17.3799991607666,66.5199966430664,3329.800048828125
2025-07-16,1386.449951171875,148.76100158691406,7.172900199890137,16252.099609375,17.15999984741211,66.37999725341797,3352.5
2025-07-17,1384.9200439453125,148.0030059814453,7.178500175476074,16271.2001953125,16.520000457763672,67.54000091552734,3340.10009765625
2025-07-18,1391.5799560546875,148.44200134277344,7.183199882507324,16329.7001953125,16.40999984741211,67.33999633789062,3353.0
2025-07-21,1390.5699462890625,148.43099975585938,7.177700042724609,16321.0,16.649999618530273,67.19999694824219,3401.89990234375
2025-07-22,1381.8199462890625,147.40899658203125,7.17549991607666,16329.5,16.5,66.20999908447266,3439.199951171875
2025-07-23,1379.780029296875,146.78500366210938,7.174300193786621,16245.2998046875,15.369999885559082,65.25,3394.10009765625
2025-07-24,1373.719970703125,146.3489990234375,7.1595001220703125,16266.099609375,15.390000343322754,66.02999877929688,3371.0
2025-07-25,1372.0,147.0050048828125,7.153500080108643,16307.0,14.930000305175781,65.16000366210938,3334.0
2025-07-28,1382.780029296875,147.81300354003906,7.153500080108643,16353.0,15.029999732971191,66.70999908447266,3309.10009765625
2025-07-29,1388.2900390625,148.47900390625,7.177800178527832,16398.80078125,15.979999542236328,69.20999908447266,3323.39990234375
2025-07-30,1388.8599853515625,148.44200134277344,7.176400184631348,16367.900390625,15.479999542236328,70.0,3295.800048828125
2025-07-31,1392.52001953125,149.2259979248047,7.176400184631348,16426.80078125,16.719999313354492,69.26000213623047,3293.199951171875
2025-08-01,1391.510009765625,150.77200317382812,7.200200080871582,16483.0,20.3799991607666,67.33000183105469,3347.699951171875
2025-08-04,1390.1800537109375,147.34300231933594,7.211599826812744,16483.0,17.520000457763672,66.29000091552734,3374.39990234375
2025-08-05,1383.5899658203125,146.79299926757812,7.177999973297119,16362.0,17.850000381469727,65.16000366210938,3381.89990234375
2025-08-06,1386.5799560546875,147.55999755859375,7.1834001541137695,16377.5,16.770000457763672,64.3499984741211,3380.0
2025-08-07,1384.3900146484375,147.1929931640625,7.182799816131592,16334.7001953125,16.56999969482422,63.880001068115234,3400.300048828125
2025-08-08,1384.969970703125,146.83700561523438,7.181000232696533,16300.0,15.149999618530273,63.880001068115234,3439.10009765625
2025-08-11,1387.81005859375,147.66400146484375,7.181000232696533,16249.0,16.25,63.959999084472656,3353.10009765625
2025-08-12,1389.7900390625,148.125,7.187699794769287,16298.0,14.729999542236328,63.16999816894531,3348.89990234375
2025-08-13,1383.0899658203125,147.75799560546875,7.178500175476074,16248.2001953125,14.489999771118164,62.650001525878906,3358.699951171875
2025-08-14,1378.780029296875,147.1199951171875,7.174300193786621,16109.0,14.829999923706055,63.959999084472656,3335.199951171875
2025-08-15,1387.8699951171875,147.6909942626953,7.179500102996826,16169.0,15.09000015258789,62.79999923706055,3336.0
2025-08-18,1387.97998046875,147.26400756835938,7.181700229644775,16196.0,14.989999771118164,63.41999816894531,3331.699951171875
2025-08-19,1386.9100341796875,147.91600036621094,7.184599876403809,16205.400390625,15.569999694824219,62.349998474121094,3313.39990234375
2025-08-20,1391.3399658203125,147.7310028076172,7.1819000244140625,16275.2001953125,15.6899995803833,63.209999084472656,3343.39990234375
2025-08-21,1396.9100341796875,147.3179931640625,7.1757001876831055,16263.599609375,16.600000381469727,63.52000045776367,3336.89990234375
2025-08-22,1399.6099853515625,148.38600158691406,7.179900169372559,16339.7001953125,14.220000267028809,63.65999984741211,3374.39990234375
2025-08-25,1382.8900146484375,147.21499633789062,7.167500019073486,16227.0,14.789999961853027,64.80000305175781,3373.800048828125
2025-08-26,1389.050048828125,147.82200622558594,7.151000022888184,16267.0,14.619999885559082,63.25,3388.60009765625
2025-08-27,1393.949951171875,147.46200561523438,7.1519999504089355,16299.2001953125,14.850000381469727,64.1500015258789,3404.60009765625
2025-08-28,1392.75,147.3159942626953,7.1529998779296875,16314.0,14.430000305175781,64.5999984741211,3431.800048828125
2025-08-29,1384.4100341796875,146.7899932861328,7.1529998779296875,16344.2998046875,15.359999656677246,64.01000213623047,3473.699951171875
2025-09-01,1388.8399658203125,147.0970001220703,7.13040018081665,16409.0,15.359999656677246,64.01000213623047,3473.699951171875
2025-09-02,1392.93994140625,147.08399963378906,7.13040018081665,16405.19921875,17.170000076293945,65.58999633789062,3549.39990234375
2025-09-03,1394.5699462890625,148.54800415039062,7.138999938964844,16443.900390625,16.350000381469727,63.970001220703125,3593.199951171875
2025-09-04,1389.6300048828125,147.97999572753906,7.14139986038208,16463.0,15.300000190734863,63.47999954223633,3565.800048828125
2025-09-05,1392.06005859375,148.375,7.14139986038208,16452.099609375,15.180000305175781,61.869998931884766,3613.199951171875
2025-09-08,1385.510009765625,148.343994140625,7.132500171661377,16392.0,15.109999656677246,62.2599983215332,3638.10009765625
2025-09-09,1385.719970703125,147.36399841308594,7.129300117492676,16446.099609375,15.039999961853027,62.630001068115234,3643.300048828125
2025-09-10,1387.25,147.39199829101562,7.1209001541137695,16449.900390625,15.350000381469727,63.66999816894531,3643.60009765625
2025-09-11,1387.199951171875,147.33200073242188,7.120699882507324,16439.0,14.710000038146973,62.369998931884766,3636.89990234375
2025-09-12,1389.5,147.2239990234375,7.1184000968933105,16413.599609375,14.760000228881836,62.689998626708984,3649.39990234375
2025-09-15,1393.699951171875,147.66600036621094,7.124199867248535,16401.0,15.6899995803833,63.29999923706055,3682.199951171875
2025-09-16,1385.010009765625,147.40499877929688,7.118500232696533,16364.599609375,16.360000610351562,64.5199966430664,3688.89990234375
2025-09-17,1377.6400146484375,146.41299438476562,7.114200115203857,16398.099609375,15.720000267028809,64.05000305175781,3681.800048828125
2025-09-18,1378.68994140625,146.89100646972656,7.103300094604492,16418.599609375,15.699999809265137,63.56999969482422,3643.699951171875
2025-09-19,1386.75,147.94700622558594,7.1128997802734375,16569.099609375,15.449999809265137,62.68000030517578,3671.5
2025-09-22,1396.22998046875,148.09500122070312,7.1128997802734375,16637.0,16.100000381469727,62.63999938964844,3740.699951171875
2025-09-23,1389.3900146484375,147.72500610351562,7.113999843597412,16582.0,16.639999389648438,63.40999984741211,3780.60009765625
2025-09-24,1391.8499755859375,147.61300659179688,7.111599922180176,16633.0,16.18000030517578,64.98999786376953,3732.10009765625
2025-09-25,1403.6500244140625,148.75100708007812,7.131499767303467,16695.099609375,16.739999771118164,64.9800033569336,3736.89990234375
2025-09-26,1408.9200439453125,149.86099243164062,7.133800029754639,16759.099609375,15.289999961853027,65.72000122070312,3775.300048828125
2025-09-29,1408.7099609375,149.40499877929688,7.132800102233887,16723.0,16.1200008392334,63.45000076293945,3820.89990234375
2025-09-30,1399.3299560546875,148.59500122070312,7.1194000244140625,16628.0,16.280000686645508,62.369998931884766,3840.800048828125
2025-10-01,1403.1500244140625,147.9969940185547,7.11899995803833,16683.0,16.290000915527344,61.779998779296875,3867.5
2025-10-02,1401.8199462890625,147.08299255371094,7.11899995803833,16644.099609375,16.6299991607666,60.47999954223633,3839.699951171875
2025-10-03,1405.6300048828125,147.14999389648438,7.11899995803833,16601.5,16.649999618530273,60.880001068115234,3880.800048828125
2025-10-06,1406.06005859375,149.6060028076172,7.11899995803833,16558.0,16.3700008392334,61.689998626708984,3948.5
2025-10-07,1409.9200439453125,150.33099365234375,7.11899995803833,16596.5,17.239999771118164,61.72999954223633,3976.60009765625
2025-10-08,1414.5699462890625,152.05099487304688,7.11899995803833,16587.0,16.299999237060547,62.54999923706055,4043.300048828125
2025-10-09,1422.52001953125,152.67999267578125,7.118500232696533,16556.0,16.43000030517578,61.5099983215332,3946.300048828125
2025-10-10,1421.510009765625,152.96499633789062,7.127500057220459,16577.69921875,21.65999984741211,58.900001525878906,3975.89990234375
2025-10-13,1429.030029296875,152.05599975585938,7.099999904632568,16598.0,19.030000686645508,59.4900016784668,4108.60009765625
2025-10-14,1426.0699462890625,152.4340057373047,7.099999904632568,16548.0,20.809999465942383,58.70000076293945,4138.7001953125
2025-10-15,1429.4300537109375,151.7310028076172,7.138400077819824,16585.900390625,20.639999389648438,58.27000045776367,4176.89990234375
2025-10-16,1420.0899658203125,150.9739990234375,7.126200199127197,16575.0,25.309999465942383,57.459999084472656,4280.2001953125
2025-10-17,1415.719970703125,150.1199951171875,7.123000144958496,16561.900390625,20.780000686645508,57.540000915527344,4189.89990234375
2025-10-20,1419.739990234375,150.89999389648438,7.126399993896484,16566.0,18.229999542236328,57.52000045776367,4336.39990234375
2025-10-21,1419.739990234375,150.7740020751953,7.119500160217285,16542.0,17.8700008392334,57.81999969482422,4087.699951171875
2025-10-22,1430.739990234375,151.89300537109375,7.121799945831299,16598.900390625,18.600000381469727,58.5,4044.39990234375
2025-10-23,1430.4000244140625,151.95399475097656,7.125699996948242,16596.599609375,17.299999237060547,61.790000915527344,4125.5
2025-10-24,1435.8399658203125,152.6020050048828,7.125699996948242,16593.80078125,16.3700008392334,61.5,4118.39990234375
2025-10-27,1436.969970703125,153.06100463867188,7.121099948883057,16597.80078125,15.789999961853027,61.310001373291016,4001.89990234375
2025-10-28,1430.969970703125,152.69200134277344,7.110199928283691,16158.2001953125,16.420000076293945,60.150001525878906,3966.199951171875
2025-10-29,1425.969970703125,151.7310028076172,7.098800182342529,16561.779296875,16.920000076293945,60.47999954223633,3983.699951171875
2025-10-30,1424.010009765625,152.7220001220703,7.098999977111816,16562.0,16.90999984741211,60.56999969482422,4001.300048828125
2025-10-31,1424.02001953125,153.89999389648438,7.109799861907959,16150.0,17.440000534057617,60.97999954223633,3982.199951171875
2025-11-03,1427.1700439453125,154.19500732421875,7.1168999671936035,16630.0,17.170000076293945,61.04999923706055,4000.300048828125
2025-11-04,1428.969970703125,154.20399475097656,7.171800136566162,16640.900390625,19.0,60.560001373291016,3947.699951171875
2025-11-05,1439.81005859375,153.5570068359375,7.129499912261963,16707.0,18.010000228881836,59.599998474121094,3980.300048828125
2025-11-06,1439.739990234375,154.072998046875,7.125999927520752,16669.0,19.5,59.43000030517578,3979.89990234375
2025-11-07,1447.9000244140625,152.947998046875,7.118599891662598,16694.099609375,19.079999923706055,59.75,3999.39990234375
2025-11-10,1454.0,153.81700134277344,7.118599891662598,16653.0,17.600000381469727,60.130001068115234,4111.7998046875
2025-11-11,1456.0899658203125,154.14599609375,7.11929988861084,16690.0,17.280000686645508,61.040000915527344,4106.7998046875
2025-11-12,1459.8399658203125,154.0749969482422,7.11929988861084,16694.900390625,17.510000228881836,58.4900016784668,4204.39990234375
2025-11-13,1468.02001953125,154.71299743652344,7.11929988861084,16729.0,20.0,58.689998626708984,4186.89990234375
2025-11-14,1468.7099609375,154.63299560546875,7.111999988555908,16719.0,19.829999923706055,60.09000015258789,4087.60009765625
2025-11-17,1446.530029296875,154.5850067138672,7.0991997718811035,16679.5,22.3799991607666,59.90999984741211,4068.300048828125
2025-11-18,1461.68994140625,155.2729949951172,7.107500076293945,16738.900390625,24.690000534057617,60.7400016784668,4061.300048828125
2025-11-19,1456.550048828125,155.54800415039062,7.107500076293945,16727.69921875,23.65999984741211,59.439998626708984,4077.699951171875
2025-11-20,1466.1300048828125,156.99200439453125,7.107500076293945,16686.69921875,26.420000076293945,59.13999938964844,4056.5
2025-11-21,1473.25,157.36900329589844,7.107500076293945,16731.0,23.43000030517578,58.060001373291016,4076.699951171875
2025-11-24,1467.72998046875,156.68800354003906,7.106599807739258,16639.0,20.520000457763672,58.84000015258789,4091.89990234375
2025-11-25,1474.8599853515625,156.93899536132812,7.102200031280518,16645.0,18.559999465942383,57.95000076293945,4139.2001953125
2025-11-26,1464.9200439453125,156.22999572753906,7.084499835968018,16633.5,17.190000534057617,58.650001525878906,4165.2001953125
2025-11-27,1470.5899658203125,156.23899841308594,7.075799942016602,16614.69921875,17.190000534057617,58.650001525878906,4165.2001953125
2025-11-28,1461.4000244140625,156.28399658203125,7.075799942016602,16603.900390625,16.350000381469727,58.54999923706055,4218.2998046875
2025-12-01,1465.6199951171875,155.92799377441406,7.075099945068359,16635.0,17.239999771118164,59.31999969482422,4239.2998046875
2025-12-02,1470.1700439453125,155.5570068359375,7.071700096130371,16609.0,16.59000015258789,58.63999938964844,4186.60009765625
2025-12-03,1467.3599853515625,155.8070068359375,7.070000171661377,16609.900390625,16.079999923706055,58.95000076293945,4199.2998046875
2025-12-04,1465.030029296875,155.10699462890625,7.063600063323975,16594.0,15.779999732971191,59.66999816894531,4211.7998046875
2025-12-05,1472.3800048828125,155.14199829101562,7.071400165557861,16654.400390625,15.40999984741211,60.08000183105469,4212.89990234375
2025-12-08,1471.81005859375,155.33999633789062,7.0696001052856445,16683.0,16.65999984741211,58.7400016784668,4218.7001953125
